,Column1,vol_url,vol_number,volname,acronym,coloc_conf,ceur_long_title,voltitle,h1,tdtitle,title,loctime,workshop,workshopLabel,ref_url,ShortName,countryLabel,cityLabel,StartTime,EndTime,ProceedingsTitle,Vol_Number.1,Year,dblp_url,ceur_long_title_contained_words,tdtitle_contained_words,volname_contained_words,acronym_contained_words,voltitle_contained_words,h1_contained_words,title_contained_words,workshopLabel_contained_words,ShortName_contained_words
17,17,http://ceur-ws.org/Vol-18/,18,Ontologies and Problem-Solving Methods: Lessons Learned and Future Trends,CEUR-WS-18,nan,nan,nan,Proceedings of the,"Proceedings of the Workshop KRR5 at IJCAI'99, Stockholm, Sweden, August 2, 1999.",Proceedings of the,,,nan,,nan,,,,,nan,,,,,IJCAI,,,,,,,
18,18,http://ceur-ws.org/Vol-19/,19,Design and Management of Data Warehouses,DMDW-99,nan,"Proceedings of the Intl. Workshop DMDW'99, Heidelberg, Germany, June 14-15, 1999",nan,Design and Management of Data Warehouses,"Proceedings of the Intl. Workshop DMDW'99 at CAiSE*99, Heidelberg, Germany, June 14-15, 1999.",Design and Management of Data Warehouses,,,nan,,nan,,,,,"Proceedings of the Intl. Workshop on Design and Management of Data Warehouses, DMDW'99, Heidelberg, Germany, June 14-15, 1999.",19.0,1999.0,https://dblp.org/db/conf/dmdw/dmdw1999.html,,CAiSE,,,,,,,
27,27,http://ceur-ws.org/Vol-28/,28,Design and Management of Data Warehouses,DMDW-2000,nan,"Proceedings of the 2nd Intl. Workshop DMDW'2000, Stockholm, Sweden, June 5-6, 2000",nan,Design and Management of Data Warehouses,"Proceedings of the 2nd Intl. Workshop DMDW'2000 at CAiSE*00, Stockholm, Sweden, June 5-6, 2000.",Design and Management of Data Warehouses,,http://www.wikidata.org/entity/Q113673823,Design and Management of Data Warehouses,http://ceur-ws.org/Vol-28/,DMDW-2000,Sweden,Stockholm,2000/6/5 2:00,2000/6/6 2:00,"Proceedings of the Second Intl. Workshop on Design and Management of Data Warehouses, DMDW 2000, Stockholm, Sweden, June 5-6, 2000.",28.0,2000.0,https://dblp.org/db/conf/dmdw/dmdw2000.html,,CAiSE,,,,,,,
38,38,http://ceur-ws.org/Vol-39/,39,Design and Management of Data Warehouses 2001,DMDW-2001,nan,"Proceedings of the 3rd Intl. Workshop DMDW'2001, Interlaken, Switzerland, June 4, 2001",nan,Design and Management of Data Warehouses,"Proceedings of the 3rd Intl. Workshop DMDW'2001 at CAiSE*01, Interlaken, Switzerland, June 4, 2001.",Design and Management of Data Warehouses,,,nan,,nan,,,,,"Proceedings of the 3rd Intl. Workshop on Design and Management of Data Warehouses, DMDW'2001, Interlaken, Switzerland, June 4, 2001.",39.0,2001.0,https://dblp.org/db/conf/dmdw/dmdw2001.html,,CAiSE,,,,,,,
41,41,http://ceur-ws.org/Vol-42/,42,"Concept Lattices-based Theory, Methods and Tools for Knowledge Discovery in Databases",CLKDD '01,nan,"Proceedings of the CLKDD*01 Workshop on Concept Lattices-based Theory, Methods and Tools for Knowledge Discovery in Databases Stanford, July 30, 2001",nan,"CLKDD'01 Concept Lattices-based Theory, Methods and Tools for Knowledge Discovery in Databases","Proceedings of the CLKDD*01 Workshop on Concept Lattices-based Theory, Methods and Tools for Knowledge Discovery in Databases, Stanford, Calif., USA, July 30, 2001.","CLKDD'01 Concept Lattices-based Theory, Methods and Tools for Knowledge Discovery in Databases",,http://www.wikidata.org/entity/Q113673837,"CLKDD'01 Concept Lattices-based Theory, Methods and Tools for Knowledge Discovery in Databases",http://ceur-ws.org/Vol-42/,CLKDD '01,United States of America,Stanford,2001/7/30 2:00,2001/7/30 2:00,nan,,,,KDD,KDD,,KDD,,KDD,KDD,KDD,KDD
50,50,http://ceur-ws.org/Vol-51/,51,Ontologies and Texts,ISDO '00,nan,Proceedings of the EKAW'2000 Workshop on Ontologies and Texts,nan,Ontologies and texts,"Proceedings of the EKAW'2000 Workshop on Ontologies and Texts, Juan-les-Pins, France, October 2, 2000.",Ontologies and texts,,http://www.wikidata.org/entity/Q113673683,Ontologies and texts,http://ceur-ws.org/Vol-51/,ISDO '00,France,Juan-les-Pins,2000/10/2 2:00,2000/10/2 2:00,nan,,,,EKAW,EKAW,,,,,,,
57,57,http://ceur-ws.org/Vol-58/,58,Design and Management of Data Warehouses 2002,DMDW-2002,nan,"Proceedings of the 4th Intl. Workshop DMDW'2002, Toronto, Canada, May 27, 2002",nan,Design and Management of Data Warehouses 2002,"Proceedings of the 4th Intl. Workshop DMDW'2002 at CAiSE*02, Toronto, Canada, May 27, 2002.",Design and Management of Data Warehouses 2002,,,nan,,nan,,,,,"Design and Management of Data Warehouses 2002, Proceedings of the 4th Intl. Workshop DMDW'2002, Toronto, Canada, May 27, 2002.",58.0,2002.0,https://dblp.org/db/conf/dmdw/dmdw2002.html,,CAiSE,,,,,,,
107,104,http://ceur-ws.org/Vol-105/,105,"Application Design, Development and Implementation Issues in the Semantic Web 2004","Application Design, Development and Implementation Issues in the Semantic Web",nan,"Proceedings of the WWW2004 Workshop on Application Design, Development and Implementation Issues in the Semantic Web New York, NY, USA, May 18th, 2004",nan,"Application Design, Development and Implementation Issues in the Semantic Web","Proceedings of the WWW2004 Workshop on Application Design, Development and Implementation Issues in the Semantic Web, New York, NY, USA, May 18, 2004.","Application Design, Development and Implementation Issues in the Semantic Web",,http://www.wikidata.org/entity/Q113673610,"Application Design, Development and Implementation Issues in the Semantic Web",http://ceur-ws.org/Vol-105/,WWWSW 2004,United States of America,New York City,2004/5/18 2:00,2004/5/18 2:00,"Proceedings of the WWW2004 Workshop on Application Design, Development and Implementation Issues in the Semantic Web, New York, NY, USA, May 18, 2004.",105.0,2004.0,https://dblp.org/db/conf/www/wwwsw2004.html,WWW,WWW,,,,,,,WWW
110,107,http://ceur-ws.org/Vol-108/,108,Peer-to-Peer Knowledge Management 2004,P2PKM '04 Peer-to-Peer Knowledge Management,nan,"Proceedings of the MobiQuitous'04 Workshop on Peer-to-Peer Knowledge Management August 22, 2004 - Boston, Massachusetts, USA",nan,P2PKM '04 Peer-to-Peer Knowledge Management,"Proceedings of the MobiQuitous'04 Workshop on Peer-to-Peer Knowledge Management (P2PKM 2004), Boston, MA, USA, August 22, 2004.",P2PKM '04 Peer-to-Peer Knowledge Management,,http://www.wikidata.org/entity/Q113673617,P2PKM '04 Peer-to-Peer Knowledge Management,http://ceur-ws.org/Vol-108/,P2PKM '04,United States of America,Boston,2004/8/22 2:00,2004/8/22 2:00,"Proceedings of the MobiQuitous'04 Workshop on Peer-to-Peer Knowledge Management (P2PKM 2004), Boston, MA, USA, August 22, 2004.",108.0,2004.0,https://dblp.org/db/conf/p2pkm/p2pkm2004.html,MobiQuitous,MobiQuitous,,,,,,,
111,108,http://ceur-ws.org/Vol-109/,109,Goal-Oriented Business Process Modeling 2002,GBPM'02,nan,"Proceedings of the HCI*02 Workshop on Goal-Oriented Business Process Modeling In memory of Dr. Maxim Khomyakov GBMP'02 London, September 2, 2002",nan,GBPM'02 Goal-Oriented Business Process Modeling,"Proceedings of the HCI*02 Workshop on Goal-Oriented Business-Process Modeling (GBPM 2002), London, United Kingdom, September 2, 2002.",GBPM'02 Goal-Oriented Business Process Modeling,,http://www.wikidata.org/entity/Q113673621,GBPM'02 Goal-Oriented Business Process Modeling,http://ceur-ws.org/Vol-109/,GBPM'02,United Kingdom,London,2002/9/2 2:00,2002/9/2 2:00,"Proceedings of the HCI*02 Workshop on Goal-Oriented Business Process Modeling, In memory of Dr. Maxim Khomyakov, GBMP'02, London, UK, September 2, 2002.",109.0,2004.0,https://dblp.org/db/conf/gbpm/gbpm2002.html,,"BPM, BPM",,"BPM, BPM",,"BPM, BPM","BPM, BPM","BPM, BPM","BPM, BPM"
112,109,http://ceur-ws.org/Vol-110/,110,Concept Lattices and their Applications 2004,CLA 2004,nan,"Proceedings of the CLA 2004 International Workshop on Concept Lattices and their Applications Ostrava, Czech Republic, September 23-24, 2004",nan,CLA 2004 Concept Lattices and their Applications,"Proceedings of the International Workshop on  Concept Lattices and their Applications (CLA 2004), Ostrava, Czech Republic, September 23-24, 2004.",CLA 2004 Concept Lattices and their Applications,,http://www.wikidata.org/entity/Q113673626,CLA 2004 Concept Lattices and their Applications,http://ceur-ws.org/Vol-110/,CLA 2004,Czech Republic,Ostrava,2004/9/23 2:00,2004/9/24 2:00,"Proceedings of the CLA 2004 International Workshop on Concept Lattices and their Applications, Ostrava, Czech Republic, September 23-24, 2004.",110.0,2004.0,https://dblp.org/db/conf/cla/cla2004.html,"CLA, CLA","CLA, CLA",,"CLA, CLA",,"CLA, CLA","CLA, CLA","CLA, CLA","CLA, CLA"
120,117,http://ceur-ws.org/Vol-118/,118,Core Ontologies in Ontology Engineering 2004,Core Ontologies in Ontology Engineering'04,nan,"Proceedings of the EKAW*04 Workshop on Core Ontologies in Ontology Engineering Northamptonshire (UK), October 8, 2004",nan,Core Ontologies in Ontology Engineering 2004 (Un)Successful cases and best practices for ontology engineering: reusing well-founded ontologies for domain content specification,"Proceedings of Proceedings of the EKAW*04 Workshop on Core Ontologies in Ontology Engineering, Northamptonshire (UK), October 8, 2004.",Core Ontologies in Ontology Engineering 2004 (Un)Successful cases and best practices for ontology engineering: reusing well-founded ontologies for domain content specification,,http://www.wikidata.org/entity/Q113673637,Workshop on Core Ontologies in Ontology Engineering,http://ceur-ws.org/Vol-118/,Core Ontologies in Ontology Engineering'04,United Kingdom,Whittlebury,2004/10/8 2:00,2004/10/8 2:00,nan,,,,EKAW,EKAW,,,,,,,
129,126,http://ceur-ws.org/Vol-127/,127,"Trust, Security, and Reputation on the Semantic Web 2004","ISWC '04 Trust, Security, and Reputation on the Semantic Web",nan,"Proceedings of the ISWC*04 Workshop on Trust, Security, and Reputation on the Semantic Web Hiroshima, Japan, November 7, 2004",nan,"ISWC '04 Trust, Security, and Reputation on the Semantic Web","Proceedings of the  ISWC*04 Workshop on Trust, Security, and Reputation on the Semantic Web, Hiroshima, Japan, November 7, 2004.","ISWC '04 Trust, Security, and Reputation on the Semantic Web",,http://www.wikidata.org/entity/Q113673651,"ISWC '04 Trust, Security, and Reputation on the Semantic Web",http://ceur-ws.org/Vol-127/,ISWC-TSRSW 2004,Japan,Hiroshima,2004/11/7 1:00,2004/11/7 1:00,"Proceedings of the ISWC*04 Workshop on Trust, Security, and Reputation on the Semantic Web, Hiroshima, Japan, November 7, 2004.",127.0,2005.0,https://dblp.org/db/conf/semweb/iswc2004trust.html,ISWC,ISWC,,ISWC,,ISWC,ISWC,ISWC,ISWC
145,142,http://ceur-ws.org/Vol-143/,143,Interoperability of Web-Based Educational Systems 2005,WWW '05 Interoperability of Web-Based Educational Systems,nan,"Proceedings of the WWW*05 Workshop on Interoperability of Web-Based Educational Systems Chiba, Japan, May 10, 2005",nan,WWW '05 Interoperability of Web-Based Educational Systems,"Proceedings of the WWW*05 Workshop on Interoperability of Web-Based Educational Systems, Chiba, Japan, May 10, 2005.",WWW '05 Interoperability of Web-Based Educational Systems,,http://www.wikidata.org/entity/Q113673670,WWW '05 Interoperability of Web-Based Educational Systems,http://ceur-ws.org/Vol-143/,WWW '05,Japan,Chiba,2005/5/10 2:00,2005/5/10 2:00,nan,,,,WWW,WWW,,WWW,,WWW,WWW,WWW,WWW
148,145,http://ceur-ws.org/Vol-146/,146,Modeling and Retrieval of Context 2005,MRC 2005,nan,"Proceedings of the IJCAI-05 Workshop on Modeling and Retrieval of Context Edinburgh, July 31 - August 1, 2005",nan,MRC '05 Second International Workshop on Modeling and Retrieval of Context,"Proceedings of the Second International Workshop Modeling and Retrieval of Context (MRC-2005), Edinburgh, UK, July 31 - August 1, 2005.",MRC '05 Second International Workshop on Modeling and Retrieval of Context,,http://www.wikidata.org/entity/Q113673675,MRC '05 Second International Workshop on Modeling and Retrieval of Context,http://ceur-ws.org/Vol-146/,MRC 2005,United Kingdom,Edinburgh,2005/7/31 2:00,2005/8/1 2:00,"Proceedings of the IJCAI-05 Workshop on Modeling and Retrieval of Context Edinburgh, July 31 - August 1, 2005.",146.0,2005.0,https://dblp.org/db/conf/ijcai/mrc2005.html,IJCAI,,,,,,,,
157,154,http://ceur-ws.org/Vol-155/,155,nan,SWCASE'05,nan,"Proceedings of the ISWC 2005 Workshop on Semantic Web Case Studies and Best Practices for eBusiness Galway, Ireland, 7 November 2005",nan,SWCASE'05 Semantic Web Case Studies and Best Practices for eBusiness,"Proceedings of the ISWC 2005 Workshop on Semantic Web Case Studies and Best Practices for eBusiness (SWCASE-2005), Galway, Ireland, November 7, 2005.",SWCASE'05 Semantic Web Case Studies and Best Practices for eBusiness,,http://www.wikidata.org/entity/Q113673481,SWCASE'05 Semantic Web Case Studies and Best Practices for eBusiness,http://ceur-ws.org/Vol-155/,SWCASE'05,Republic of Ireland,Galway,2005/11/7 1:00,2005/11/7 1:00,nan,,,,ISWC,ISWC,,,,,,,
159,156,http://ceur-ws.org/Vol-157/,157,Desarrollo Dirigido por Modelos - MDA y Aplicaciones 2005,DSDM '05,nan,"Actas del Taller sobreDesarrollo Dirigido por Modelos. MDA y Aplicaciones. Granada, España, Septiembre 13, 2005",nan,DSDM '05 II Taller sobre Desarrollo Dirigido por Modelos. MDA y Aplicaciones,"Actas del Taller sobre Desarrollo Dirigido por Modelos - MDA y Aplicaciones, Granada, Spain, September 13, 2005.",DSDM '05 II Taller sobre Desarrollo Dirigido por Modelos. MDA y Aplicaciones,,http://www.wikidata.org/entity/Q113673483,DSDM '05 II Taller sobre Desarrollo Dirigido por Modelos. MDA y Aplicaciones,http://ceur-ws.org/Vol-157/,DSDM'05,Spain,Granada,2005/9/13 2:00,2005/9/13 2:00,"Actas del Taller sobre Desarrollo Dirigido por Modelos, MDA y Aplicaciones, Granada, España, Septiembre 13, 2005.",157.0,2005.0,https://dblp.org/db/conf/dsdm/dsdm2005.html,,,,SDM,,SDM,SDM,SDM,SDM
160,157,http://ceur-ws.org/Vol-158/,158,Safety and Context 2005,CEUR Workshop Safetyu and Context '05,nan,"Proceedings of the CONTEXT-05 Workshop on Safety and Context Paris, France, July 5, 2005",nan,Safety and Context 2005,"Proceedings of the CONTEXT-05 Workshop on Safety and Context, Paris, France, July 5, 2005.",Safety and Context 2005,,http://www.wikidata.org/entity/Q113673485,Safety and Context 2005,http://ceur-ws.org/Vol-158/,CEUR Workshop Safetyu and Context '05,France,Paris,2005/7/5 2:00,2005/7/5 2:00,"Proceedings of the CONTEXT-05 Workshop on Safety and Context, Paris, France, July 5, 2005.",158.0,2005.0,https://dblp.org/db/conf/context/context2005w.html,CONTEXT,CONTEXT,,,,,,,
164,161,http://ceur-ws.org/Vol-162/,162,Concept Lattices and their Applications 2005,CLA 2005,nan,"Proceedings of the CLA 2005 International Workshop on Concept Lattices and their Applications Olomouc, Czech Republic, September 7-9, 2005",nan,CLA 2005 Concept Lattices and their Applications,"Proceedings of the International Workshop on Concept Lattices and their Applications, Olomouc, Czech Republic, September 7-9, 2005.",CLA 2005 Concept Lattices and their Applications,,http://www.wikidata.org/entity/Q113673489,CLA 2005 Concept Lattices and their Applications,http://ceur-ws.org/Vol-162/,CLA 2005,Czech Republic,Olomouc,2005/9/7 2:00,2005/9/9 2:00,"Proceedings of the CLA 2005 International Workshop on Concept Lattices and their Applications Olomouc, Czech Republic, September 7-9, 2005.",162.0,2005.0,https://dblp.org/db/conf/cla/cla2005.html,"CLA, CLA",,,"CLA, CLA",,"CLA, CLA","CLA, CLA","CLA, CLA","CLA, CLA"
173,170,http://ceur-ws.org/Vol-171/,171,Semantic Network Analysis 2005,SNA '05,nan,"Proceedings of the ISWC 2005 Workshop on Semantic Network Analysis Galway, Ireland, November 7, 2005",nan,SNA 2005 Semantic Network Analysis,"Proceedings of the ISWC 2005 Workshop on Semantic Network Analysis, Galway, Ireland, November 7, 2005.",SNA 2005 Semantic Network Analysis,,http://www.wikidata.org/entity/Q113673510,SNA 2005 Semantic Network Analysis,http://ceur-ws.org/Vol-171/,SNA '05,Republic of Ireland,Galway,2005/11/7 1:00,2005/11/7 1:00,nan,,,,ISWC,ISWC,,,,,,,
175,172,http://ceur-ws.org/Vol-173/,173,Uncertainty Reasoning for the Semantic Web 2005,URSW '05,nan,"Proceedings of the ISWC Workshop on Uncertainty Reasoning for the Semantic Web Galway, Ireland, November 7, 2005",nan,URSW '05 Uncertainty Reasoning for the Semantic Web,"Proceedings of the ISWC Workshop on Uncertainty Reasoning for the Semantic Web, Galway, Ireland, November 7, 2005.",URSW '05 Uncertainty Reasoning for the Semantic Web,,http://www.wikidata.org/entity/Q113673512,URSW '05 Uncertainty Reasoning for the Semantic Web,http://ceur-ws.org/Vol-173/,URSW '05,Republic of Ireland,Galway,2005/11/7 1:00,2005/11/7 1:00,nan,,,,ISWC,ISWC,,,,,,,
183,180,http://ceur-ws.org/Vol-181/,181,Scripting for the Semantic Web 2006,SFSW '06,nan,"Proceedings of the ESWC'06 Workshop on Scripting for the Semantic Web Budva / Montenegro, June 12, 2006",nan,SFSW '06 Scripting for the Semantic Web,"Proceedings of the  ESWC'06 Workshop on Scripting for the Semantic Web, Budva, Montenegro, June 12, 2006.",SFSW '06 Scripting for the Semantic Web,,http://www.wikidata.org/entity/Q113673523,SFSW '06 Scripting for the Semantic Web,http://ceur-ws.org/Vol-181/,SFSW '06,Montenegro,Budva,2006/6/12 2:00,2006/6/12 2:00,nan,,,,"ESWC, ESWC, ESWC","ESWC, ESWC, ESWC",,,,,,,
192,189,http://ceur-ws.org/Vol-190/,190,Models of Trust for the Web 2006,MTW 2006,nan,"Proceedings of the WWW'06 Workshop on Models of Trust for the Web (MTW'06) Edinburgh, Scotland, May 22, 2006",nan,WWW '06 Models of Trust for the Web (MTW'06),"Proceedings of the WWW'06 Workshop on Models of Trust for the Web (MTW'06), Edingburgh, Scotland, May 22, 2006.",WWW '06 Models of Trust for the Web (MTW'06),,http://www.wikidata.org/entity/Q113673539,WWW '06 Models of Trust for the Web (MTW'06),http://ceur-ws.org/Vol-190/,MTW 2006,Republic of Ireland,Edinburgh,2006/5/22 2:00,2006/5/22 2:00,"Proceedings of the WWW'06 Workshop on Models of Trust for the Web (MTW'06), Edinburgh, Scotland, UK, May 22, 2006.",190.0,2006.0,https://dblp.org/db/conf/mtw/mtw2006.html,WWW,WWW,,,,WWW,WWW,WWW,
193,190,,191,nan,nan,nan,nan,nan,?,"Proceedings of the WWW'06 Workshop on Models of Trust for the Web (MTW'06), Edingburgh, Scotland, May 22, 2006.",nan,,,nan,,nan,,,,,nan,,,,,WWW,,,,,,,
194,191,http://ceur-ws.org/Vol-192/,192,Empirically Successful Computerized Reasoning 2006,ESCoR,nan,"Proceedings of the FLoC'06 Workshop on Empirically Successful Computerized Reasoning Seattle, USA, August 22, 2006",nan,ESCoR 2006 Empirically Successful Computerized Reasoning,"Proceedings of the FLoC'06 Workshop on Empirically Successful Computerized Reasoning, Seattle, USA, August 22, 2006.",ESCoR 2006 Empirically Successful Computerized Reasoning,,http://www.wikidata.org/entity/Q113673542,ESCoR 2006 Empirically Successful Computerized Reasoning,http://ceur-ws.org/Vol-192/,ESCoR 2006,United States of America,Seattle,2006/8/22 2:00,2006/8/22 2:00,nan,,,,FLoC,FLoC,,,,,,,
196,193,http://ceur-ws.org/Vol-194/,194,ESWC 2006 Industry Forum,ESWC 2006,nan,"ESWC'06 Industry Forum Budva, Montenegro, June 12, 2006",nan,ESWC 2006,"Proceedings of the ESWC 2006 Industry Forum, Budva, Montenegro, June 12, 2006.",ESWC 2006,,http://www.wikidata.org/entity/Q113673544,ESWC 2006,http://ceur-ws.org/Vol-194/,How Business application challenges Semantic Web Research,Montenegro,Budva,2006/6/12 2:00,2006/6/12 2:00,nan,,,,"ESWC, ESWC, ESWC","ESWC, ESWC, ESWC","ESWC, ESWC, ESWC","ESWC, ESWC, ESWC",,"ESWC, ESWC, ESWC","ESWC, ESWC, ESWC","ESWC, ESWC, ESWC",
200,197,http://ceur-ws.org/Vol-198/,198,The Many Faces of Consistency in Cross Platform Design 2006,MAFOC '06,nan,"Proceedings of the CHI*06 Workshop on The Many Faces of Consistency in Cross Platform Design Montreal, Canada, April 22-23, 2006",nan,MAFOC '06 The Many Faces of Consistency in Cross-Platform Design,"Proceedings of the CHI*06 Workshop on The Many Faces of Consistency in Cross Platform Design, Montreal, Canada, April 20-23, 2006.",MAFOC '06 The Many Faces of Consistency in Cross-Platform Design,,http://www.wikidata.org/entity/Q113673548,MAFOC '06 The Many Faces of Consistency in Cross-Platform Design,http://ceur-ws.org/Vol-198/,MAFOC '06,Canada,Montreal,2006/4/20 2:00,2006/4/23 2:00,nan,,,,CHI,CHI,,,,,,,
209,206,http://ceur-ws.org/Vol-207/,207,Semantic Web Policy Workshop 2006,SWPW'06 2nd Semantic Web Policy Workshop,nan,"Proceedings of the ISWC'06 Workshop on Semantic Web Policy (SWPW'06) Athens, Georgia, USA, November 5, 2006",nan,SWPW'06 2nd Semantic Web Policy Workshop,"Proceedings of the Workshop on Semantic Web Policy (SWPW-2006), Athens, Georgia, USA, November 5, 2006.",SWPW'06 2nd Semantic Web Policy Workshop,,http://www.wikidata.org/entity/Q113673311,SWPW'06 2nd Semantic Web Policy Workshop,http://ceur-ws.org/Vol-207/,SWPW'06,United States of America,Athens,2006/11/5 1:00,2006/11/5 1:00,nan,,,,ISWC,,,,,,,,
220,217,http://ceur-ws.org/Vol-218/,218,Uncertainty Reasoning for the Semantic Web 2006,URSW '06,nan,"Proceedings of the Second ISWC Workshop on Uncertainty Reasoning for the Semantic Web Athens, Georgia, USA, November 5, 2006",nan,URSW '06 Uncertainty Reasoning for the Semantic Web - Volume 2,"Proceedings of the Second ISWC Workshop on Uncertainty Reasoning for the Semantic Web (URSW-2006), Athens, Georgia, USA, November 5, 2006.",URSW '06 Uncertainty Reasoning for the Semantic Web - Volume 2,,http://www.wikidata.org/entity/Q113673328,URSW '06 Uncertainty Reasoning for the Semantic Web - Volume 2,http://ceur-ws.org/Vol-218/,URSW '06,United States of America,Athens,2006/11/5 1:00,2006/11/5 1:00,"Proceedings of the Second ISWC Workshop on Uncertainty Reasoning for the Semantic Web, Athens, Georgia, USA, November 5, 2006.",218.0,2006.0,https://dblp.org/db/conf/semweb/ursw2006.html,ISWC,ISWC,,,,,,,
229,226,http://ceur-ws.org/Vol-227/,227,Desarrollo Dirigido por Modelos - MDA y Aplicaciones 2006,DSDM'06,nan,"Actas del Taller sobreDesarrollo Dirigido por Modelos. MDA y Aplicaciones. Sitges (Spain), October 3, 2006",nan,DSDM '06 III Taller sobre Desarrollo Dirigido por Modelos. MDA y Aplicaciones,"Actas del Taller sobre Desarrollo Dirigido por Modelos - MDA y Aplicaciones, Sitges, Spain, October 3, 2006.",DSDM '06 III Taller sobre Desarrollo Dirigido por Modelos. MDA y Aplicaciones,,http://www.wikidata.org/entity/Q113673340,DSDM '06 III Taller sobre Desarrollo Dirigido por Modelos. MDA y Aplicaciones,http://ceur-ws.org/Vol-227/,DSDM'06,Spain,Sitges,2006/10/3 2:00,2006/10/3 2:00,"Actas del Taller sobre Desarrollo de Software Dirigido por Modelos. MDA y Aplicaciones. Sitges, Spain, October 3, 2006.",227.0,2007.0,https://dblp.org/db/conf/dsdm/dsdm2006.html,,,,SDM,,SDM,SDM,SDM,SDM
232,229,http://ceur-ws.org/Vol-230/,230,Neural-Symbolic Learning and Reasoning 2007,NeSy'07 Neural-Symbolic Learning and Reasoning 3rd International Workshop,nan,"Proceedings of the 3rd International Workshop on Neural-Symbolic Learning and Reasoning, NeSy'07, held at IJCAI-07, Hyderabad, India, January 8, 2007",nan,NeSy'07 Neural-Symbolic Learning and Reasoning 3rd International Workshop,"Proceedings of the 3rd International Workshop on Neural-Symbolic Learning and Reasoning (NESY-2007), Hyderabad, India, January 8, 2007.",NeSy'07 Neural-Symbolic Learning and Reasoning 3rd International Workshop,,http://www.wikidata.org/entity/Q113673350,NeSy'07 Neural-Symbolic Learning and Reasoning 3rd International Workshop,http://ceur-ws.org/Vol-230/,NeSy'07,India,Hyderabad,2007/1/8 1:00,2007/1/8 1:00,"Proceedings of the 3rd International Workshop on Neural-Symbolic Learning and Reasoning, NeSy'07, held at IJCAI-07, Hyderabad, India, January 8, 2007.",230.0,2007.0,https://dblp.org/db/conf/ijcai/nesy2007.html,IJCAI,,,,,,,,
236,233,http://ceur-ws.org/Vol-234/,234,Emerging Web Services Technology 2006,WEWST06,nan,"Proceedings of the ECOWS06 Workshop on Emerging Web Services Technology Zurich, Switzerland, December 4, 2006",nan,WEWST06 Workshop on Emerging Web Services Technology,"Proceedings of the Workshop on Emerging Web Services Technology (WEWST-2006), Zurich, Switzerland, December 4, 2006.",WEWST06 Workshop on Emerging Web Services Technology,,http://www.wikidata.org/entity/Q113673358,WEWST06 Workshop on Emerging Web Services Technology,http://ceur-ws.org/Vol-234/,WEWST06,Switzerland,Zürich,2006/12/4 1:00,2006/12/4 1:00,"Proceedings of the ECOWS06 Workshop on Emerging Web Services Technology, WEWST@ECOWS 2006, Zurich, Switzerland, December 4, 2006.",234.0,2006.0,https://dblp.org/db/conf/ecows/wewst2006.html,ECOWS,,,,,,,,
238,235,http://ceur-ws.org/Vol-236/,236,"Business Process Modelling, Development, and Support 2006","BPMDS '06 SEVENTH WORKSHOP ON BUSINESS PROCESS MODELING, DEVELOPMENT, AND SUPPORT: REQUIREMENTS FOR FLEXIBILITY AND THE WAYS TO ACHIEVE IT",nan,"Proceedings of the CAISE*06 Workshop on Business Process Modelling, Development, and SupportBPMDS '06 Luxemburg, June 5-9, 2006",nan,"BPMDS '06 SEVENTH WORKSHOP ON BUSINESS PROCESS MODELING, DEVELOPMENT, AND SUPPORT: REQUIREMENTS FOR FLEXIBILITY AND THE WAYS TO ACHIEVE IT","Proceedings of the CAISE*06 Workshop on Business Process Modelling, Development, and Support (BPMDS-2006)  Luxemburg, June 5-9, 2006.","BPMDS '06 SEVENTH WORKSHOP ON BUSINESS PROCESS MODELING, DEVELOPMENT, AND SUPPORT: REQUIREMENTS FOR FLEXIBILITY AND THE WAYS TO ACHIEVE IT",,http://www.wikidata.org/entity/Q113673361,"BPMDS '06 SEVENTH WORKSHOP ON BUSINESS PROCESS MODELING, DEVELOPMENT, AND SUPPORT: REQUIREMENTS FOR FLEXIBILITY AND THE WAYS TO ACHIEVE IT",http://ceur-ws.org/Vol-236/,BPMDS '06,Luxembourg,Luxembourg,2006/6/5 2:00,2006/6/9 2:00,"Proceedings of the CAISE*06 Workshop on Business Process Modelling, Development, and Support BPMDS '06, Luxemburg, June 5-9, 2006.",236.0,2007.0,https://dblp.org/db/conf/caise/bpmds2006.html,"BPM, BPM","BPM, BPM",,"BPM, BPM, CHI",,"BPM, BPM, CHI","BPM, BPM, CHI","BPM, BPM, CHI","BPM, BPM"
242,239,http://ceur-ws.org/Vol-240/,240,Philosophical Foundations on Information Systems Engineering 2006,PHISE' 06 A WORKSHOP ON PHILOSOPHICAL FOUNDATIONS ON INFORMATION SYSTEMS ENGINEERING,nan,"Proceedings of the CAISE*06 Workshop on Philosophical Foundations on Information Systems EngineeringPhiSE '06Luxemburg, June 5-9, 2006",nan,PHISE' 06 A WORKSHOP ON PHILOSOPHICAL FOUNDATIONS ON INFORMATION SYSTEMS ENGINEERING,"Proceedings of the CAISE*06 Workshop on Philosophical Foundations on Information Systems Engineering (PHiSE-2006)  Luxemburg, June 5-9, 2006.",PHISE' 06 A WORKSHOP ON PHILOSOPHICAL FOUNDATIONS ON INFORMATION SYSTEMS ENGINEERING,,http://www.wikidata.org/entity/Q113673367,PHISE' 06 A WORKSHOP ON PHILOSOPHICAL FOUNDATIONS ON INFORMATION SYSTEMS ENGINEERING,http://ceur-ws.org/Vol-240/,PHISE' 06,Luxembourg,Luxembourg,2006/6/5 2:00,2006/6/9 2:00,"Proceedings of the CAISE*06 Workshop on Philosophical Foundations on Information Systems Engineering PhiSE '06, Luxemburg, June 5-9, 2006.",240.0,2007.0,https://dblp.org/db/conf/caise/phise2006.html,,,,INFO,,INFO,INFO,INFO,
244,241,http://ceur-ws.org/Vol-242/,242,Ubiquitous Mobile Information and Collaboration Systems 2006,UMICS '06 UBIQUITOUS MOBILE INFORMATION AND COLLABORATION SYSTEMS,nan,"Proceedings of the CAISE*06 Workshop on Ubiquitous Mobile Information and Collaboration SystemsUMICS '06Luxemburg, June 5-9, 2006",nan,UMICS '06 UBIQUITOUS MOBILE INFORMATION AND COLLABORATION SYSTEMS,"Proceedings of the CAISE*06 Workshop on Ubiquitous Mobile Information and Collaboration Systems (UMICS-2006), Luxemburg, June 5-9, 2006.",UMICS '06 UBIQUITOUS MOBILE INFORMATION AND COLLABORATION SYSTEMS,,http://www.wikidata.org/entity/Q113673370,UMICS '06 UBIQUITOUS MOBILE INFORMATION AND COLLABORATION SYSTEMS,http://ceur-ws.org/Vol-242/,UMICS '06,Luxembourg,Luxembourg,2006/6/5 2:00,2006/6/9 2:00,"Proceedings of the CAISE*06 Workshop on Ubiquitous Mobile Information and Collaboration Systems UMICS '06, Luxemburg, June 5-9, 2006.",242.0,2007.0,https://dblp.org/db/conf/caise/umics2006.html,,,,INFO,,INFO,INFO,INFO,
250,247,http://ceur-ws.org/Vol-248/,248,Scripting for the Semantic Web 2007,SFSW '07,nan,"Proceedings of the ESWC'07 Workshop on Scripting for the Semantic Web Innsbruck / Austria, May 30, 2007",nan,SFSW '07 Scripting for the Semantic Web,"Proceedings of the ESWC'07 Workshop on Scripting for the Semantic Web (SFSW-2007), Innsbruck, Austria, May 30, 2007.",SFSW '07 Scripting for the Semantic Web,,http://www.wikidata.org/entity/Q113673378,SFSW '07 Scripting for the Semantic Web,http://ceur-ws.org/Vol-248/,SFSW '07,Austria,Innsbruck,2007/5/30 2:00,2007/5/30 2:00,"Proceedings of the ESWC'07 Workshop on Scripting for the Semantic Web, SFSW 2007, Innsbruck, Austria, May 30, 2007.",248.0,2007.0,https://dblp.org/db/conf/esws/sfsw2007.html,"ESWC, ESWC, ESWC","ESWC, ESWC, ESWC",,,,,,,
267,264,http://ceur-ws.org/Vol-265/,265,Correspondence and Equivalence for Nonmonotonic Theories 2007,CENT2007,nan,"Proceedings of the LPNMR'07 Workshop on Correspondence and Equivalence for Nonmonotonic Theories (CENT2007) http://www.kr.tuwien.ac.at/cent2007/ Tempe, AZ, May 14, 2007",nan,CENT 2007 Correspondence and Equivalence for Nonmonotonic Theories,"Proceedings of the LPNMR'07 Workshop on Correspondence and Equivalence for Nonmonotonic Theories (CENT-2007), Tempe, AZ, USA, May 14, 2007.",CENT 2007 Correspondence and Equivalence for Nonmonotonic Theories,,http://www.wikidata.org/entity/Q113673254,CENT 2007 Correspondence and Equivalence for Nonmonotonic Theories,http://ceur-ws.org/Vol-265/,CENT2007,United States of America,Tempe,2007/5/14 2:00,2007/5/14 2:00,"Proceedings of the LPNMR'07 Workshop on Correspondence and Equivalence for Nonmonotonic Theories (CENT2007), Tempe, AZ, USA, May 14, 2007.",265.0,2007.0,https://dblp.org/db/conf/lpnmr/cent2007.html,LPNMR,LPNMR,,,,,,,
272,269,http://ceur-ws.org/Vol-270/,270,Representation Models and Techniques for Improving E-Learning 2007,ReTIeL '07 International Workshop on Representation Models and Techniques for Improving E-Learning: Bringing Context into Web-based Education,nan,"Proceedings of the CONTEXT'07 Workshop on Representation Models and Techniques for Improving E-Learning ReTIeL 07 Roskilde University, Denmark, August 20, 2007",nan,ReTIeL '07 International Workshop on Representation Models and Techniques for Improving E-Learning: Bringing Context into Web-based Education,"Proceedings of the CONTEXT'07 Workshop on Representation Models and Techniques for Improving E-Learning (ReTIeL-2007), Roskilde University, Denmark, August 20, 2007.",ReTIeL '07 International Workshop on Representation Models and Techniques for Improving E-Learning: Bringing Context into Web-based Education,,http://www.wikidata.org/entity/Q113673261,ReTIeL '07 International Workshop on Representation Models and Techniques for Improving E-Learning: Bringing Context into Web-based Education,http://ceur-ws.org/Vol-270/,ReTIeL '07,Denmark,Roskilde,2007/8/20 2:00,2007/8/20 2:00,"Proceedings of the CONTEXT 2007 Workshop on Representation Models and Techniques for Improving E-Learning ReTIeL 2007, Roskilde University, Denmark, August 20, 2007.",270.0,2007.0,https://dblp.org/db/conf/context/retiel2007.html,CONTEXT,CONTEXT,,,,,,,
278,275,http://ceur-ws.org/Vol-276/,276,"Plagiarism Analysis, Authorship Identification, and Near-Duplicate Detection 2007",Workshop Proceedings PAN '07,nan,"Proceedings of the SIGIR'07 International Workshop on Plagiarism Analysis, Authorship Identification, and Near-Duplicate Detection Amsterdam, Netherlands, July 27, 2007",nan,"PAN-07 Plagiarism Analysis, Authorship Identification, and Near-Duplicate Detection","Proceedings of the SIGIR'07 International Workshop on Plagiarism Analysis, Authorship Identification, and Near-Duplicate Detection (PAN-2007), Amsterdam, Netherlands, July 27, 2007.","PAN-07 Plagiarism Analysis, Authorship Identification, and Near-Duplicate Detection",,http://www.wikidata.org/entity/Q113673269,"PAN-07 Plagiarism Analysis, Authorship Identification, and Near-Duplicate Detection",http://ceur-ws.org/Vol-276/,Workshop Proceedings PAN '07,Netherlands,Amsterdam,2007/7/27 2:00,2007/7/27 2:00,"Proceedings of the SIGIR 2007 International Workshop on Plagiarism Analysis, Authorship Identification, and Near-Duplicate Detection, PAN 2007, Amsterdam, Netherlands, July 27, 2007.",276.0,2007.0,https://dblp.org/db/conf/sigir/pan2007.html,SIGIR,SIGIR,,,,,,,
292,289,http://ceur-ws.org/Vol-290/,290,Finding Experts on the Web with Semantics 2007,FEWS'07,nan,"Proceedings of the 2nd International Workshop on Finding Experts on the Web with Semantics FEWS'07 ISWC 2007 + ASCW 2007; Busan, Korea, November 12, 2007",nan,FEWS'07 2nd International ExpertFinder Workshop (FEWS'07),"Proceedings of the 2nd International Workshop on Finding Experts on the Web with Semantics (FEWS-2007), Busan, Korea, November 12, 2007.",FEWS'07 2nd International ExpertFinder Workshop (FEWS'07),,http://www.wikidata.org/entity/Q113673286,FEWS'07 2nd International ExpertFinder Workshop (FEWS'07),http://ceur-ws.org/Vol-290/,FEWS'07,South Korea,Busan,2007/11/12 1:00,2007/11/12 1:00,"Proceedings of the 2nd International ISWC+ASWC Workshop on Finding Experts on the Web with Semantics, Busan, Korea, November 12, 2007.",290.0,2007.0,https://dblp.org/db/conf/fews/fews2007.html,ISWC,,,,,,,,
314,311,http://ceur-ws.org/Vol-312/,312,Between Ontologies and Folksonomies 2007,BOF'07,nan,"Proceedings of the Workshop BOF - BETWEEN ONTOLOGIES AND FOLKSONOMIES: TOOLS AND ARCHITECTURES FOR MANAGING AND RETRIEVING EMERGING KNOWLEDGE IN COMMUNITIES BOF'07 Michigan State University, East Lansing, Michigan, USA, June 28, 2007",nan,"BOF'07 Between Ontologies and Folksonomies: Tools and Architectures for Managing and Retrieving Emerging Knowledge in Communities Proceedings of the Workshop BOF - BETWEEN ONTOLOGIES AND FOLKSONOMIES: TOOLS AND ARCHITECTURES FOR MANAGING AND RETRIEVING EMERGING KNOWLEDGE IN COMMUNITIES BOF'07 Michigan State University, East Lansing, Michigan, USA, June 28, 2007. Edited by Dario Maggiorini*, Alessandro Provetti** and Laura Ripamonti* * Dept. of Information and Communication (D.I.Co.), University of Milan, Italy. ** Dept. of Physics, University of Messina, Italy. Complete Proceedings Table of Contents Automated Information Extraction from Web Sources: a Survey Giacomo Fiumara (X)querying RSS/Atom Feeds Extracted from News Web Sites: a Cocoon-based Portal Giacomo Fiumara, Mario La Rosa, and Tommaso Pimpo Virtual Communities as Narrative Processes Marco Benini and Federico Gobbo Bridging Different Generation of Web via Exploiting Semantic Social Web Blog Portal Yuh-Jong Hu and Cheng-Yuan Yu Improving Flickr discovery through Wikipedias Federico Gobbo Learning by tagging: The role of social tagging in group knowledge formation Jude Yew, Faison P. Gibson, and Stephanie Teasley submitted by I. Di Loreto, D. Maggiorini, A. Provetti, L. Ripamonti, 9-Jan-2008 published on CEUR-WS.org, 9-Jan-2008","Proceedings of the Workshop Between Ontologies and Folksonomies (BOF-2007), Michigan State University, East Lansing, Michigan, USA, June 28, 2007.","BOF'07 Between Ontologies and Folksonomies: Tools and Architectures for Managing and Retrieving Emerging Knowledge in Communities Proceedings of the Workshop BOF - BETWEEN ONTOLOGIES AND FOLKSONOMIES: TOOLS AND ARCHITECTURES FOR MANAGING AND RETRIEVING EMERGING KNOWLEDGE IN COMMUNITIES BOF'07 Michigan State University, East Lansing, Michigan, USA, June 28, 2007. Edited by Dario Maggiorini*, Alessandro Provetti** and Laura Ripamonti* * Dept. of Information and Communication (D.I.Co.), University of Milan, Italy. ** Dept. of Physics, University of Messina, Italy. Complete Proceedings Table of Contents Automated Information Extraction from Web Sources: a Survey Giacomo Fiumara (X)querying RSS/Atom Feeds Extracted from News Web Sites: a Cocoon-based Portal Giacomo Fiumara, Mario La Rosa, and Tommaso Pimpo Virtual Communities as Narrative Processes Marco Benini and Federico Gobbo Bridging Different Generation of Web via Exploiting Semantic Social Web Blog Portal Yuh-Jong Hu and Cheng-Yuan Yu Improving Flickr discovery through Wikipedias Federico Gobbo Learning by tagging: The role of social tagging in group knowledge formation Jude Yew, Faison P. Gibson, and Stephanie Teasley submitted by I. Di Loreto, D. Maggiorini, A. Provetti, L. Ripamonti, 9-Jan-2008 published on CEUR-WS.org, 9-Jan-2008",,http://www.wikidata.org/entity/Q113672889,Between Ontologies and Folksonomies: Tools and Architectures for Managing and Retrieving Emerging Knowledge in Communities,http://ceur-ws.org/Vol-312/,BOF '07,United States of America,Lansing,2007/6/28 2:00,2007/6/28 2:00,nan,,,,CHI,,,,,CHI,CHI,,
315,312,http://ceur-ws.org/Vol-313/,313,Emerging Web Services Technology 2007,WEWST07,nan,"Proceedings of the 2nd ECOWS07 Workshop on Emerging Web Services Technology Halle (Saale), Germany, November 26, 2007",nan,WEWST07 2nd Workshop on Emerging Web Services Technology,"Proceedings of the 2nd Workshop on Emerging Web Services Technology (WEWST-2007), Halle (Saale), Germany, November 26, 2007.",WEWST07 2nd Workshop on Emerging Web Services Technology,,http://www.wikidata.org/entity/Q113672893,WEWST07 2nd Workshop on Emerging Web Services Technology,http://ceur-ws.org/Vol-313/,WEWST07,Germany,Halle (Saale),2007/11/26 1:00,2007/11/26 1:00,"Proceedings of the 2nd ECOWS07 Workshop on Emerging Web Services Technology, WEWST 2007, Halle (Saale), Germany, November 26, 2007.",313.0,2008.0,https://dblp.org/db/conf/ecows/wewst2007.html,ECOWS,,,,,,,,
319,316,http://ceur-ws.org/Vol-317/,317,Exchanging Experiences in Technology Enhanced Learning 2007,WWWrong'07 Exchanging Experiences in Technology Enhanced Learning - What Went Wrong? What Went Right?,nan,"Proceedings of the Workshop on Exchanging Experiences in Technology Enhanced Learning - What Went Wrong? What Went Right?WWWrong'07Sissi, Lassithi - Crete Greece, 17 September, 2007",nan,WWWrong'07 Exchanging Experiences in Technology Enhanced Learning - What Went Wrong? What Went Right?,"Proceedings of the Workshop on Exchanging Experiences in Technology Enhanced Learning, What Went Wrong? What Went Right? (WWWrong-2007), Sissi, Lassithi - Crete Greece, 17 September, 2007.",WWWrong'07 Exchanging Experiences in Technology Enhanced Learning - What Went Wrong? What Went Right?,,http://www.wikidata.org/entity/Q113672897,WWWrong'07 Exchanging Experiences in Technology Enhanced Learning - What Went Wrong? What Went Right?,http://ceur-ws.org/Vol-317/,WWWrong'07,Greece,"Sisi, Lasithi",2007/9/17 2:00,2007/9/17 2:00,"Proceedings of the Workshop on Exchanging Experiences in Technology Enhanced Learning - What Went Wrong? What Went Right? WWWrong 2007, Sissi, Lassithi - Crete Greece, 17 September, 2007.",317.0,2008.0,https://dblp.org/db/conf/ectel/wwwrong2007.html,WWW,WWW,,WWW,,WWW,WWW,WWW,WWW
358,355,http://ceur-ws.org/Vol-356/,356,Social Web and Knowledge Management 2008,SWKM 2008,nan,Proceedings of the WWW2008 Workshop on Social Web and Knowledge Management,nan,SWKM 2008 Social Web and Knowledge Management,"Proceedings of the WWW2008 Workshop on Social Web and Knowledge Management (SWKM-2008), Beijing, China, April 22, 2008.",SWKM 2008 Social Web and Knowledge Management,,http://www.wikidata.org/entity/Q113672807,SWKM 2008 Social Web and Knowledge Management,http://ceur-ws.org/Vol-356/,SWKM 2008,People's Republic of China,Beijing,2008/4/22 2:00,2008/4/22 2:00,"Proceedings of the WWW 2008 Workshop on Social Web and Knowledge Management, Beijing, China, April 22, 2008.",356.0,2008.0,https://dblp.org/db/conf/www/swkm2008.html,WWW,WWW,,,,,,,
360,357,http://ceur-ws.org/Vol-358/,358,ESWC 2008 Ph.D. Symposium,ESWC 2008 Ph.D. Symposium,nan,"Proceedings of the ESWC 2008 Ph.D. Symposium Tenerife, Spain, June 2, 2008",nan,ESWC 2008 Ph.D. Symposium,"Proceedings of the ESWC 2008 Ph.D. Symposium, Tenerife, Spain, June 2, 2008.",ESWC 2008 Ph.D. Symposium,,,nan,,nan,,,,,nan,,,,"ESWC, ESWC, ESWC","ESWC, ESWC, ESWC","ESWC, ESWC, ESWC","ESWC, ESWC, ESWC",,"ESWC, ESWC, ESWC","ESWC, ESWC, ESWC",,
371,368,http://ceur-ws.org/Vol-369/,369,Linked Data on the Web 2008,of the Linked Data on the Web workshop (LDOW2008),nan,"Proceedings of the WWW2008 Workshop on Linked Data on the Web Beijing / China, April 22, 2008",nan,Linked Data on the Web (LDOW 2008),"Proceedings of the WWW-2008 Workshop on Linked Data on the Web (LDOW-2008), Beijing, China, April 22, 2008.",Linked Data on the Web (LDOW 2008),,,nan,,nan,,,,,"Proceedings of the WWW2008 Workshop on Linked Data on the Web, LDOW 2008, Beijing, China, April 22, 2008.",369.0,2008.0,https://dblp.org/db/conf/www/ldow2008.html,WWW,WWW,,,,,,,
374,371,http://ceur-ws.org/Vol-372/,372,VERIFY 2008,VERIFY'08,nan,"Proceedings of the 5th International Verification Workshop in connection with IJCAR 2008 Sydney, Australia, August 10-11, 2008",nan,VERIFY'08 5th International Verification Workshop,"Proceedings of the 5th International Verification Workshop (VERIFY-2008), Sydney, Australia, August 10-11, 2008.",VERIFY'08 5th International Verification Workshop,,http://www.wikidata.org/entity/Q113672824,VERIFY'08 5th International Verification Workshop,http://ceur-ws.org/Vol-372/,VERIFY'08,Australia,Sydney,2008/8/10 2:00,2008/8/11 2:00,"Proceedings of the 5th International Verification Workshop in connection with IJCAR 2008, Sydney, Australia, August 10-11, 2008.",372.0,2008.0,https://dblp.org/db/conf/cade/verify2008.html,IJCAR,,,,,,,,
401,398,http://ceur-ws.org/Vol-399/,399,Future Internet Symposium 2008 - Poster and Demonstration Papers,FIS'08: Poster and Demonstration Track,nan,"Proceedings of the Poster and Demonstration Paper Track of the 1st Future Internet Symposium (FIS'08) FIS'08; Vienna, Austria, September 28-30, 2008",nan,FIS'08: Future Internet Symposium Poster and Demonstration Paper Track,"Proceedings of the Poster and Demonstration Paper Track of the 1st Future Internet Symposium (FIS-2008), Vienna, Austria, September 28-30, 2008.",FIS'08: Future Internet Symposium Poster and Demonstration Paper Track,,,nan,,nan,,,,,"Proceedings of the Poster and Demonstration Paper Track of the 1st Future Internet Symposium (FIS'08) FIS'08 ; Vienna, Austria, September 28-30, 2008.",399.0,2008.0,https://dblp.org/db/conf/fis/pd2008.html,FIS,FIS,,FIS,,FIS,FIS,,
407,404,http://ceur-ws.org/Vol-405/,405,Social Data on the Web 2008,SDoW2008,nan,"Proceedings of the ISWC2008 Workshop on Social Data on the Web (SDoW2008) Karlsruhe, Germany, October 27, 2008",nan,First Workshop on Social Data on the Web (SDoW2008),"Proceedings of the 1st Workshop on Social Data on the Web (SDoW2008), Karlsruhe, Germany, October 27, 2008.",First Workshop on Social Data on the Web (SDoW2008),,http://www.wikidata.org/entity/Q113672649,First Workshop on Social Data on the Web (SDoW2008),http://ceur-ws.org/Vol-405/,SDoW2008,Germany,Karlsruhe,2008/10/27 1:00,2008/10/27 1:00,"Proceedings of the ISWC2008 Workshop on Social Data on the Web (SDoW2008) Karlsruhe, Germany, October 27, 2008.",405.0,2008.0,https://dblp.org/db/conf/semweb/sdow2008.html,ISWC,,,,,,,,
413,410,http://ceur-ws.org/Vol-411/,411,Non Functional Properties and Service Level Agreements in Service Oriented Computing 2008,NFPSLA-SOC'08,nan,"Proceedings of the 2nd Workshop on Non Functional Properties and Service Level Agreements in Service Oriented Computing at ECOWS 2008, Dublin, Ireland, November 12, 2008",nan,NFPSLA-SOC'08 2nd Non Functional Properties and Service Level Agreements in Service Oriented Computing Workshop,"Proceedings of the 2nd Workshop on Non Functional Properties and Service Level Agreements in Service Oriented Computing (NFPSLA-SOC'08), Dublin, Ireland, November 12, 2008.",NFPSLA-SOC'08 2nd Non Functional Properties and Service Level Agreements in Service Oriented Computing Workshop,,http://www.wikidata.org/entity/Q113672675,NFPSLA-SOC'08 2nd Non Functional Properties and Service Level Agreements in Service Oriented Computing Workshop,http://ceur-ws.org/Vol-411/,NFPSLA-SOC'08,United States of America,Dublin,2008/11/12 1:00,2008/11/12 1:00,nan,,,,ECOWS,,,,,,,,
450,447,http://ceur-ws.org/Vol-447/,447,Trust and Privacy on the Social and Semantic Web 2009,SPOT2009,nan,"Proceedings of the ESWC2009 Workshop on Trust and Privacy on the Social and Semantic Web (SPOT2009) Heraklion, Greece, June 1, 2009",nan,First Workshop on Trust and Privacy on the Social and Semantic Web (SPOT2009),"Proceedings of the 1st Workshop on Trust and Privacy on the Social and Semantic Web (SPOT2009), Heraklion, Greece, June 1, 2009.",First Workshop on Trust and Privacy on the Social and Semantic Web (SPOT2009),,http://www.wikidata.org/entity/Q113672761,First Workshop on Trust and Privacy on the Social and Semantic Web (SPOT2009),http://ceur-ws.org/Vol-447/,SPOT2009,Greece,Heraklion,2009/6/1 2:00,2009/6/1 2:00,"Proceedings of the ESWC2009 Workshop on Trust and Privacy on the Social and Semantic Web (SPOT2009) Heraklion, Greece, June 1, 2009.",447.0,2009.0,https://dblp.org/db/conf/esws/spot2009.html,"ESWC, ESWC, ESWC",,,,,,,,
476,473,http://ceur-ws.org/Vol-472/,472,Semantic Business Process Management 2008,SBPM2008,nan,"Proceedings of the 3rd International Workshop on Semantic Business Process Management Tenerife, Spain, June 2nd, 2008",nan,SBPM2008 3rd International Workshop on Semantic Business Process Management,"Proceedings of the 3rd International Workshop on Semantic Business Process Management (SBPM2008), Tenerife, Spain, June 2, 2008.",SBPM2008 3rd International Workshop on Semantic Business Process Management,,http://www.wikidata.org/entity/Q113672443,SBPM2008 3rd International Workshop on Semantic Business Process Management,http://ceur-ws.org/Vol-472/,SBPM2008,Spain,Adeje,2008/6/2 2:00,2008/6/2 2:00,nan,,,,,"BPM, BPM",,"BPM, BPM",,"BPM, BPM","BPM, BPM","BPM, BPM","BPM, BPM"
477,474,http://ceur-ws.org/Vol-473/,473,"Dynamic and Adaptive Hypertext: Generic Frameworks, Approaches and Techniques 2009",DAH'2009,nan,"Proceedings of the 1st DAH'2009 Workshop on Dynamic and Adaptive Hypertext: Generic Frameworks, Approaches and Techniques Eindhoven, Netherlands, June 25, 2009",nan,"DAH'2009 1st International Workshop on Dynamic and Adaptive Hypertext:Generic Frameworks, Approaches and Techniques","Proceedings of the 1st Workshop on Dynamic and Adaptive Hypertext: Generic Frameworks, Approaches and Techniques (DAH'2009), Eindhoven, Netherlands, June 25, 2009.","DAH'2009 1st International Workshop on Dynamic and Adaptive Hypertext:Generic Frameworks, Approaches and Techniques",,http://www.wikidata.org/entity/Q113672444,"DAH'2009 1st International Workshop on Dynamic and Adaptive Hypertext:Generic Frameworks, Approaches and Techniques",http://ceur-ws.org/Vol-473/,DAH'2009,Netherlands,Eindhoven,2009/6/25 2:00,2009/6/25 2:00,nan,,,,Hypertext,Hypertext,Hypertext,,,Hypertext,Hypertext,Hypertext,
478,475,http://ceur-ws.org/Vol-474/,474,Inductive Reasoning and Machine Learning on the Semantic Web 2009,IRMLeS '09,nan,"Proceedings of the First ESWC Workshop on Inductive Reasoning and Machine Learning on the Semantic Web Heraklion, Greece, June 1, 2009",nan,IRMLeS '09 Inductive Reasoning and Machine Learning on the Semantic Web,"Proceedings of the 1st Workshop on Inductive Reasoning and Machine Learning on the Semantic Web (IRMLeS '09), Heraklion, Greece, June 1, 2009.",IRMLeS '09 Inductive Reasoning and Machine Learning on the Semantic Web,,http://www.wikidata.org/entity/Q113672445,IRMLeS '09 Inductive Reasoning and Machine Learning on the Semantic Web,http://ceur-ws.org/Vol-474/,IRMLeS '09,Greece,Heraklion,2009/6/1 2:00,2009/6/1 2:00,nan,,,,"ESWC, ESWC, ESWC",,,,,,,,
493,490,http://ceur-ws.org/Vol-489/,489,Business Process Management Demonstration Track 2009,BPMDemos2009,nan,Proceedings of the BPM 2009 Demonstration Track,nan,BPMDemos2009 Business Process Management Demonstration Track 2009,"Proceedings of the Business Process Management Demonstration Track (BPMDemos2009), Ulm, Germany, September 8, 2009.",BPMDemos2009 Business Process Management Demonstration Track 2009,,http://www.wikidata.org/entity/Q113672469,BPMDemos2009 Business Process Management Demonstration Track 2009,http://ceur-ws.org/Vol-489/,BPMDemos2009,Germany,Ulm,2009/9/8 2:00,2009/9/8 2:00,"Proceedings of the Business Process Management Demonstration Track (BPMDemos 2009), Ulm, Germany, September 8, 2009.",489.0,2009.0,https://dblp.org/db/conf/bpm/bpmd2009.html,"BPM, BPM","BPM, BPM",,"BPM, BPM",,"BPM, BPM","BPM, BPM","BPM, BPM","BPM, BPM"
506,503,http://ceur-ws.org/Vol-502/,502,"Uncovering Plagiarism, Authorship and Social Software Misuse 2009",PAN-09,nan,"Proceedings of the SEPLN'09 Workshop on Uncovering Plagiarism, Authorship and Social Software Misuse San Sebastian (Donostia), Spain, September 10, 2009",nan,"PAN-09 3rd Workshop on Uncovering Plagiarism, Authorship and Social Software Misuse and 1st International Competition on Plagiarism Detection","Proceedings of the SEPLN'09 Workshop on Uncovering Plagiarism, Authorship and Social Software Misuse (PAN-2009) and 1st International Competition on Plagiarism Detection, San Sebastian (Donostia), Spain, September 10, 2009.","PAN-09 3rd Workshop on Uncovering Plagiarism, Authorship and Social Software Misuse and 1st International Competition on Plagiarism Detection",,http://www.wikidata.org/entity/Q113674199,"PAN-09 3rd Workshop on Uncovering Plagiarism, Authorship and Social Software Misuse and 1st International Competition on Plagiarism Detection",http://ceur-ws.org/Vol-502/,PAN-09,Spain,Donostia / San Sebastián,2009/9/10 2:00,2009/9/10 2:00,nan,,,,SEPLN,SEPLN,,,,,,,
512,509,http://ceur-ws.org/Vol-508/,508,New Forms of Xanalogical Storage and Function 2009,First Workshop on New Forms of Xanalogical Storage and Function,nan,"Proceedings of the 1st Workshop on New Forms of Xanalogical Storage and Function, held as part of the ACM Hypertext 2009, Turin, Italy, June 29, 2009",nan,First Workshop on New Forms of Xanalogical Storage and Function,"Proceedings of the 1st Workshop on  New Forms of Xanalogical Storage and Function, Turin, Italy, June 29, 2009.",First Workshop on New Forms of Xanalogical Storage and Function,,http://www.wikidata.org/entity/Q113674204,First Workshop on New Forms of Xanalogical Storage and Function,http://ceur-ws.org/Vol-508/,NFXSF 2009,Italy,Turin,2009/6/29 2:00,2009/6/29 2:00,nan,,,,Hypertext,,,,,,,,
542,539,http://ceur-ws.org/Vol-538/,538,Linked Data on the Web 2009,of the Linked Data on the Web workshop (LDOW2008),nan,"Proceedings of the WWW2009 Workshop on Linked Data on the Web Madrid, Spain, April 20, 2009",nan,Linked Data on the Web (LDOW 2009),"Proceedings of the WWW2009 Workshop on Linked Data on the Web (LDOW 2009), Madrid, Spain, April 20, 2009.",Linked Data on the Web (LDOW 2009),,http://www.wikidata.org/entity/Q113674251,Linked Data on the Web (LDOW 2009),http://ceur-ws.org/Vol-538/,of the Linked Data on the Web workshop (LDOW2008),Spain,Madrid,2009/4/20 2:00,2009/4/20 2:00,"Proceedings of the WWW2009 Workshop on Linked Data on the Web, LDOW 2009, Madrid, Spain, April 20, 2009.",538.0,2009.0,https://dblp.org/db/conf/www/ldow2009.html,WWW,WWW,,,,,,,
551,548,http://ceur-ws.org/Vol-547/,547,Conférence Internationale sur l'Informatique et ses Applications 2009,CIIA-2009,nan,Proceedings of the 2nd Conférence Internationale sur l'informatique et ses Applications (CIIA'09),nan,CIIA-2009 Conférence Internationale sur l'Informatique et ses Applications,"Proceedings of 2nd Conférence Internationale sur l'Informatique et ses Applications (CIIA 2009), Saida, Algeria, May 3-4, 2009.",CIIA-2009 Conférence Internationale sur l'Informatique et ses Applications,,http://www.wikidata.org/entity/Q113674263,CIIA-2009 Conférence Internationale sur l'Informatique et ses Applications,http://ceur-ws.org/Vol-547/,CIIA-2009,Algeria,Saida,2009/5/3 2:00,2009/5/4 2:00,"Proceedings of the 2nd Conférence Internationale sur l'Informatique et ses Applications (CIIA'09), Saida, Algeria, May 3-4, 2009.",547.0,2009.0,https://dblp.org/db/conf/ciia/ciia2009.html,CIIA,CIIA,,CIIA,,CIIA,CIIA,CIIA,CIIA
566,563,http://ceur-ws.org/Vol-562/,562,eUniverSALearning 2008,"eUniverSALearning-2008 Congreso Internacional de Tecnología, Formación y Comunicación",nan,"Actas del II Congreso Internacional de Tecnología, Formación y Comunicación","Congreso Internacional de Tecnología, Formación y Comunicación","eUniverSALearning-2008 Congreso Internacional de Tecnología, Formación y Comunicación","Actas del II Congreso Internacional de Tecnología, Formación y Comunicación, Salamanca, España, Noviembre 26-28, 2008.","Actas del II Congreso Internacional de Tecnología, Formación y Comunicación","Salamanca, España, Noviembre 26-28, 2008",http://www.wikidata.org/entity/Q113674285,"II Congreso Internacional de Tecnología, Formación y Comunicación",http://ceur-ws.org/Vol-562/,eUniverSALearning-2008,Spain,Salamanca,2008/11/26 1:00,2008/11/28 1:00,nan,,,,,,eUniverSALearning,eUniverSALearning,,eUniverSALearning,,,eUniverSALearning
572,569,http://ceur-ws.org/Vol-568/,568,Poster Track of the ESWC-10 PhD Symposium,ESWC10-PhD,nan,Poster Proceedings of the ESWC-10 PhD Symposium,ESWC-10 PhD Symposium - Posters,ESWC10-PhD ESWC-10 PhD Symposium - Posters,"Proceedings of the Poster Track of the ESWC-10 PhD Symposium (ESWC10-PhD), Heraklion, Crete, 31st of May, 2010.",Poster Proceedings of the ESWC-10 PhD Symposium,"Heraklion, Crete, 31st of May, 2010",,nan,,nan,,,,,nan,,,,"ESWC, ESWC, ESWC","ESWC, ESWC, ESWC","ESWC, ESWC, ESWC","ESWC, ESWC, ESWC","ESWC, ESWC, ESWC","ESWC, ESWC, ESWC","ESWC, ESWC, ESWC",,
583,580,http://ceur-ws.org/Vol-579/,579,Du thème au terme. Emergence et lexicalisation des connaissances 2009,TIAWS1-2009,nan,"TIA09 Workshop1 : ""Du thème au terme. Emergence et lexicalisation des connaissances""","Atelier 1: ""Du thème au terme. Emergence et lexicalisation des connaissances""","TIAWS1-2009 Atelier 1: ""Du thème au terme. Emergence et lexicalisation des connaissances""","TIA09 Workshop1 : ""Du thème au terme. Emergence et lexicalisation des connaissances"", Toulouse, France, November 20, 2010.","TIA09 Workshop1 : ""Du thème au terme. Emergence et lexicalisation des connaissances""","Toulouse, France, November 20, 2009",http://www.wikidata.org/entity/Q113674308,"TIA09 Workshop1 : ""Du thème au terme. Emergence et lexicalisation des connaissances""",http://ceur-ws.org/Vol-579/,TIAWS1-2009,France,Toulouse,2009/11/20 1:00,2009/11/20 1:00,nan,,,,TIA,TIA,,TIA,,TIA,TIA,TIA,TIA
584,581,http://ceur-ws.org/Vol-580/,580,Acquisition et modélisation de relations sémantiques 2009,TIAWS2-2009,nan,"TIA09 Workshop2 : ""Acquisition et modélisation de relations sémantiques""","Atelier 2: ""Acquisition et modélisation de relations sémantiques""","TIAWS2-2009 Atelier 2: ""Acquisition et modélisation de relations sémantiques""","TIA09 Workshop2 : ""Acquisition et modélisation de relations sémantiques"", Toulouse, France, November 20, 2010.","TIA09 Workshop2 : ""Acquisition et modélisation de relations sémantiques""","Toulouse, France, November 20, 2009",http://www.wikidata.org/entity/Q113674309,"TIA09 Workshop2 : ""Acquisition et modélisation de relations sémantiques""",http://ceur-ws.org/Vol-580/,TIAWS2-2009,France,Toulouse,2009/11/20 1:00,2009/11/20 1:00,nan,,,,TIA,TIA,,TIA,,TIA,TIA,TIA,TIA
616,613,http://ceur-ws.org/Vol-612/,612,User-Centric Evaluation of Recommender Systems and Their Interfaces 2010,UCERSTI-2010,nan,Proceedings of the ACM RecSys 2010 Workshop on User-Centric Evaluation of Recommender Systems and Their Interfaces,User-Centric Evaluation of Recommender Systems and Their Interfaces,UCERSTI-2010 User-Centric Evaluation of Recommender Systems and Their Interfaces,"Proceedings of the ACM RecSys 2010 Workshop on User-Centric Evaluation of Recommender Systems and Their Interfaces (UCERSTI-2010), Barcelona, Spain, September 30, 2010.",Proceedings of the ACM RecSys 2010 Workshop on User-Centric Evaluation of Recommender Systems and Their Interfaces,"Barcelona, Spain, September 30, 2010",http://www.wikidata.org/entity/Q113660325,ACM RecSys 2010 Workshop on User-Centric Evaluation of Recommender Systems and Their Interfaces,http://ceur-ws.org/Vol-612/,UCERSTI-2010,Spain,Barcelona,2010/9/30 2:00,2010/9/30 2:00,nan,,,,RecSys,RecSys,,,,,RecSys,RecSys,
619,616,http://ceur-ws.org/Vol-615/,615,Business Process Management Demonstration Track 2010,BPMDemos-2010,nan,Proceedings of the Business Process Management 2010 Demonstration Track,Business Process Management Demonstration Track 2010,BPMDemos-2010 Business Process Management Demonstration Track 2010,"Proceedings of the Business Process Management Demonstration Track (BPMDemos-2010), Hoboken, USA, September 14-16, 2010.",Proceedings of the Business Process Management 2010 Demonstration Track,"Hoboken, USA, September 14-16, 2010",http://www.wikidata.org/entity/Q113660328,Business Process Management 2010 Demonstration Track,http://ceur-ws.org/Vol-615/,BPMDemos-2010,United States of America,Hoboken,2010/9/14 2:00,2010/9/16 2:00,"Proceedings of the Business Process Management 2010 Demonstration Track, Hoboken, NJ, USA, September 14-16, 2010.",615.0,2010.0,https://dblp.org/db/conf/bpm/bpmd2010.html,,"BPM, BPM",,"BPM, BPM",,"BPM, BPM",,,"BPM, BPM"
632,629,http://ceur-ws.org/Vol-628/,628,Linked Data on the Web 2010,LDOW-2010,nan,Proceedings of the WWW2010 Workshop on Linked Data on the Web,Linked Data on the Web 2010,LDOW-2010 Linked Data on the Web 2010,"Proceedings of the WWW2010 Workshop on Linked Data on the Web (LDOW 2010), Raleigh, USA, April 27, 2010.",Proceedings of the WWW2010 Workshop on Linked Data on the Web,"Raleigh, USA, April 27, 2010",http://www.wikidata.org/entity/Q113660345,WWW2010 Workshop on Linked Data on the Web,http://ceur-ws.org/Vol-628/,of the Linked Data on the Web workshop (LDOW2010),United States of America,Raleigh,2010/4/27 2:00,2010/4/27 2:00,"Proceedings of the WWW2010 Workshop on Linked Data on the Web, LDOW 2010, Raleigh, USA, April 27, 2010.",628.0,2010.0,https://dblp.org/db/conf/www/ldow2010.html,WWW,WWW,,,,,WWW,WWW,
678,675,http://ceur-ws.org/Vol-673/,673,Reuse and Adaptation of Ontologies and Terminologies 2010,EKAW-WS6-2010,nan,"Proceedings of the EKAW 2010 Workshop 6: ""Reuse and Adaptation of Ontologies and Terminologies""",Reuse and Adaptation of Ontologies and Terminologies 2010,EKAW-WS6-2010 Reuse and Adaptation of Ontologies and Terminologies 2010,"Proceedings of the EKAW 2010 Workshop 6: ""Reuse and Adaptation of Ontologies and Terminologies"", Lisbon, Portugal, October 15, 2010.","Proceedings of the EKAW 2010 Workshop 6: ""Reuse and Adaptation of Ontologies and Terminologies""","Lisbon, Portugal, October 15, 2010",http://www.wikidata.org/entity/Q113672137,"EKAW 2010 Workshop 6: ""Reuse and Adaptation of Ontologies and Terminologies""",http://ceur-ws.org/Vol-673/,EKAW-WS6-2010,Portugal,Lisbon,2010/10/15 2:00,2010/10/15 2:00,nan,,,,EKAW,EKAW,,EKAW,,EKAW,EKAW,EKAW,EKAW
679,676,http://ceur-ws.org/Vol-674/,674,EKAW2010 Poster and Demo Track,EKAW 2010 Posters and Demos,nan,Proceedings of the EKAW2010 Poster and Demo Track,EKAW 2010 Posters and Demos,EKAW 2010 Posters and Demos,"Proceedings of the EKAW2010 Poster and Demo Track, Lisbon, Portugal, October 11 - 15, 2010.",Proceedings of the EKAW2010 Poster and Demo Track,"Lisbon, Portugal, October 11 - 15, 2010",,nan,,nan,,,,,"Proceedings of the EKAW2010 Poster and Demo Track, Lisbon, Portugal, October 11 - 15, 2010.",674.0,2010.0,https://dblp.org/db/conf/ekaw/ekaw2010pd.html,EKAW,EKAW,EKAW,EKAW,EKAW,EKAW,EKAW,,
725,722,http://ceur-ws.org/Vol-718/,718,Making Sense of Microposts 2011,#MSM2011,nan,Proceedings of the ESWC2011 Workshop on 'Making Sense of Microposts': Big things come in small packages,Making Sense of Microposts 2011,#MSM2011 Making Sense of Microposts 2011,"Proceedings of the ESWC2011 Workshop on 'Making Sense of Microposts': Big things come in small packages (#MSM2011), Heraklion, Crete, May 30, 2011.",Proceedings of the ESWC2011 Workshop on 'Making Sense of Microposts': Big things come in small packages,"Heraklion, Crete, May 30, 2011",,nan,,nan,,,,,"Proceedings of the ESWC2011 Workshop on 'Making Sense of Microposts': Big things come in small packages, Heraklion, Crete, Greece, May 30, 2011.",718.0,2011.0,https://dblp.org/db/conf/msm/msm2011.html,"ESWC, ESWC, ESWC","ESWC, ESWC, ESWC",,,,,"ESWC, ESWC, ESWC",,
734,731,http://ceur-ws.org/Vol-727/,727,Engineering Interactive Computing Systems for Medicine and Health Care 2011,EICS4Med-2011,nan,Proceedings of the 1st International Workshop on Engineering Interactive Computing Systems for Medicine and Health Care (EICS4Med 2011),Engineering Interactive Computing Systems for Medicine and Health Care 2011,EICS4Med-2011 Engineering Interactive Computing Systems for Medicine and Health Care 2011,"Proceedings of the 1st International Workshop on Engineering Interactive Computing Systems for Medicine and Health Care (EICS4Med 2011), Pisa, Italy, June 13, 2011.",Proceedings of the 1st International Workshop on Engineering Interactive Computing Systems for Medicine and Health Care (EICS4Med 2011),"Pisa, Italy, June 13, 2011",http://www.wikidata.org/entity/Q113659310,1st International Workshop on Engineering Interactive Computing Systems for Medicine and Health Care (EICS4Med 2011),http://ceur-ws.org/Vol-727/,EICS4Med-2011,Italy,Pisa,2011/6/13 2:00,2011/6/13 2:00,"Proceedings of the 1st International Workshop on Engineering Interactive Computing Systems for Medicine and Health Care (EICS4Med 2011), Pisa, Italy, June 13, 2011.",727.0,2011.0,https://dblp.org/db/conf/eics/eics4med2011.html,EICS,EICS,,EICS,,EICS,EICS,EICS,EICS
778,775,http://ceur-ws.org/Vol-770/,770,Discovery Challenge Workshop 2011,DCW-2011,nan,Proceedings of the ECML/PKDD Discovery Challenge Workshop,ECML/PKDD Discovery Challenge 2011,DCW-2011 ECML/PKDD Discovery Challenge 2011,"Proceedings of the ECML/PKDD Discovery Challenge Workshop (DCW-2011), Athens, Greece, September 5, 2011.",Proceedings of the ECML/PKDD Discovery Challenge Workshop,"Athens, Greece, September 5, 2011",http://www.wikidata.org/entity/Q113659365,ECML/PKDD Discovery Challenge Workshop,http://ceur-ws.org/Vol-770/,DCW-2011,Greece,Athens,2011/9/5 2:00,2011/9/5 2:00,nan,,,,"ECML, ECML/PKDD, KDD","ECML, ECML/PKDD, KDD",,,"ECML, ECML/PKDD, KDD","ECML, ECML/PKDD, KDD","ECML, ECML/PKDD, KDD","ECML, ECML/PKDD, KDD",
785,782,http://ceur-ws.org/Vol-777/,777,Collaborative Usage and Development of Models and Visualizations 2011,CollabViz 2011,nan,Proceedings of the 1st International Workshop on Collaborative Usage and Development of Models and Visualizations held at ECSCW 2011,Collaborative Usage and Development of Models and Visualizations,CollabViz 2011 Collaborative Usage and Development of Models and Visualizations,"Proceedings of the 1st International Workshop on Collaborative Usage and Development of Models and Visualizations (CollabViz 2011), Aarhus, Denmark, September 24, 2011.",Proceedings of the 1st International Workshop on Collaborative Usage and Development of Models and Visualizations held at ECSCW 2011,"Aarhus, Denmark, September 24, 2011",http://www.wikidata.org/entity/Q113659374,1st International Workshop on Collaborative Usage and Development of Models and Visualizations held at ECSCW 2011,http://ceur-ws.org/Vol-777/,CollabViz 2011,Denmark,Aarhus,2011/9/24 2:00,2011/9/24 2:00,nan,,,,ECSCW,,,,,,ECSCW,ECSCW,
822,819,http://ceur-ws.org/Vol-813/,813,Linked Data on the Web 2011,LDOW-2011,nan,WWW2011 Workshop on Linked Data on the Web,Linked Data on the Web 2011,LDOW-2011 Linked Data on the Web 2011,"Proceedings of the WWW2011 Workshop on Linked Data on the Web (LDOW 2011), Hyderabad, India, March 29, 2011.",WWW2011 Workshop on Linked Data on the Web,"Hyderabad, India, March 29, 2011",http://www.wikidata.org/entity/Q113656500,WWW2011 Workshop on Linked Data on the Web,http://ceur-ws.org/Vol-813/,LDOW-2011,India,Hyderabad,2011/3/29 2:00,2011/3/29 2:00,"WWW2011 Workshop on Linked Data on the Web, Hyderabad, India, March 29, 2011.",813.0,2011.0,https://dblp.org/db/conf/www/ldow2011.html,WWW,WWW,,,,,WWW,WWW,
872,869,http://ceur-ws.org/Vol-857/,857,Italian Convention on Computational Logic 2012,CILC 2012,nan,Proceedings of the 9th Italian Convention on Computational Logic,Italian Convention on Computational Logic,CILC 2012 Italian Convention on Computational Logic,"Proceedings of the 9th Italian Convention on Computational Logic (CILC 2012), Rome, Italy, June 6-7, 2012.",Proceedings of the 9th Italian Convention on Computational Logic,"Rome, Italy, June 6-7, 2012",,nan,,nan,,,,,"Proceedings of the 9th Italian Convention on Computational Logic, Rome, Italy, June 6-7, 2012.",857.0,2012.0,https://dblp.org/db/conf/cilc/cilc2012.html,,CILC,,CILC,,CILC,,,
914,911,http://ceur-ws.org/Vol-896/,896,Recommender Systems in Technology Enhanced Learning 2012,RecSysTEL-2012,nan,Proceedings of the 2nd Workshop on Recommender Systems in Technology Enhanced Learning 2012,Recommender Systems in Technology Enhanced Learning,RecSysTEL-2012 Recommender Systems in Technology Enhanced Learning,"Proceedings of the Workshop on Recommender Systems in Technology Enhanced Learning 2012 (RecSysTEL-2012), Saarbrücken, Germany, September 18-19, 2012.",Proceedings of the 2nd Workshop on Recommender Systems in Technology Enhanced Learning 2012,"Saarbrücken, Germany, September 18-19, 2012",http://www.wikidata.org/entity/Q113656595,2nd Workshop on Recommender Systems in Technology Enhanced Learning 2012,http://ceur-ws.org/Vol-896/,RecSysTEL-2012,Germany,Saarbrücken,2012/9/18 2:00,2012/9/19 2:00,"Proceedings of the 2nd Workshop on Recommender Systems in Technology Enhanced Learning 2012, Saarbrücken, Germany, September 18-19, 2012.",896.0,2012.0,https://dblp.org/db/conf/ectel/recsystel2012.html,,RecSys,,RecSys,,RecSys,,,RecSys
971,968,http://ceur-ws.org/Vol-953/,953,Ambient Intelligence for Crisis Management 2012,AmI4CM 2012,nan,Proceedings of the Workshop on Ambient Intelligence for Crisis Management,AmI for Crisis management,AmI4CM 2012 AmI for Crisis management,"Proceedings of the Workshop on AmI for Crisis Management (AmI4CM 2012), Pisa, Italy, November 13, 2012.",Proceedings of the Workshop on Ambient Intelligence for Crisis Management,"Pisa, Italy, November 13, 2012",http://www.wikidata.org/entity/Q113650082,Workshop on Ambient Intelligence for Crisis Management,http://ceur-ws.org/Vol-953/,AmI4CM 2012,Italy,Pisa,2012/11/13 1:00,2012/11/13 1:00,nan,,,,,AmI,,AmI,AmI,AmI,,,AmI
994,991,http://ceur-ws.org/Vol-976/,976,Replication of HCI Research 2013,RepliCHI 2013,nan,Proceedings of the CHI2013 Workshop on the Replication of HCI Research,The CHI2013 Workshop on the Replication of HCI Research,RepliCHI 2013 The CHI2013 Workshop on the Replication of HCI Research,"Proceedings of the CHI2013 Workshop on the Replication of HCI Research (RepliCHI 2013), Paris, France, April 27-28, 2013.",Proceedings of the CHI2013 Workshop on the Replication of HCI Research,"Paris, France, April 27-28, 2013",http://www.wikidata.org/entity/Q113650108,CHI2013 Workshop on the Replication of HCI Research,http://ceur-ws.org/Vol-976/,RepliCHI 2013,France,Paris,2013/4/27 2:00,2013/4/28 2:00,"Proceedings of the CHI 2013 Workshop on the Replication of HCI Research, Paris, France, April 27-28, 2013.",976.0,2013.0,https://dblp.org/db/conf/chi/chi2013r.html,CHI,CHI,,CHI,CHI,CHI,CHI,CHI,CHI
1017,1014,http://ceur-ws.org/Vol-996/,996,Linked Data on the Web 2013,LDOW2013,nan,Proceedings of the WWW2013 Workshop on Linked Data on the Web,Linked Data on the Web,LDOW2013 Linked Data on the Web,"Proceedings of the WWW2013 Workshop on Linked Data on the Web (LDOW2013), Rio de Janeiro, Brazil, 14 May, 2013.",Proceedings of the WWW2013 Workshop on Linked Data on the Web,"Rio de Janeiro, Brazil, 14 May, 2013",http://www.wikidata.org/entity/Q113650128,WWW2013 Workshop on Linked Data on the Web,http://ceur-ws.org/Vol-996/,LDOW2013,Brazil,Rio de Janeiro,2013/5/14 2:00,2013/5/14 2:00,"Proceedings of the WWW2013 Workshop on Linked Data on the Web, Rio de Janeiro, Brazil, 14 May, 2013.",996.0,2013.0,https://dblp.org/db/conf/www/ldow2013.html,WWW,WWW,,,,,WWW,WWW,
1466,1462,http://ceur-ws.org/Vol-1422/,1422,Information Technologies - Applications and Theory 2015,ITAT 2015,nan,Proceedings ITAT 2015: Information Technologies - Applications and Theory,Information Technologies - Applications and Theory,ITAT 2015 Information Technologies - Applications and Theory,"Proceedings ITAT 2015: Information Technologies - Applications and Theory, iSlovensky Raj, Slovakia, September 17-21, 2015.",Proceedings ITAT 2015: Information Technologies - Applications and Theory,"Slovensky Raj, Slovakia, September 17-21, 2015",http://www.wikidata.org/entity/Q113646086,ITAT 2015: Information Technologies - Applications and Theory,http://ceur-ws.org/Vol-1422/,ITAT 2015,Czech Republic,Ráj,2015/9/17 2:00,2015/9/21 2:00,"Proceedings ITAT 2015: Information Technologies - Applications and Theory, Slovensky Raj, Slovakia, September 17-21, 2015.",1422.0,2015.0,https://dblp.org/db/conf/itat/itat2015.html,"ITAT, ITAT","ITAT, ITAT",,"ITAT, ITAT",,"ITAT, ITAT","ITAT, ITAT","ITAT, ITAT","ITAT, ITAT"
1897,1893,http://ceur-ws.org/Vol-1836/,1836,Actas de la Jornada de MOOCs en Español en EMOOCs 2017,EMOOCs-ES 2017,nan,Actas de la Jornada de MOOCs en Español en EMOOCs 2017 (EMOOCs-ES 2017),Actas de la Jornada de MOOCs en Español en EMOOCs,EMOOCs-ES 2017 Actas de la Jornada de MOOCs en Español en EMOOCs,"Actas de la Jornada de MOOCs en Español en EMOOCs 2017 (EMOOCs-ES 2017), Leganés (Madrid), Spain, May 26, 2017.",Actas de la Jornada de MOOCs en Español en EMOOCs 2017,"Leganés (Madrid), Spain, May 26, 2017",http://www.wikidata.org/entity/Q113625174,Actas de la Jornada de MOOCs en Español en EMOOCs 2017,http://ceur-ws.org/Vol-1836/,EMOOCs-ES 2017,Spain,Leganés,2017/5/26 2:00,2017/5/26 2:00,"Actas de la Jornada de MOOCs en Español en EMOOCs 2017, EMOOCs-ES 2017, Madrid, Spain, May 26, 2017.",1836.0,2017.0,https://dblp.org/db/conf/emoocs/es2017.html,EMOOCs,EMOOCs,EMOOCs,EMOOCs,EMOOCs,EMOOCs,EMOOCs,EMOOCs,EMOOCs
2309,2304,http://ceur-ws.org/Vol-2231/,2231,Learning Analytics for Latin America 2018,LALA 2018,nan,Proceedings of the 1st Latin American Workshop on Learning Analytics,Learning Analytics for Latin America,LALA 2018Learning Analytics for Latin America,"Proceedings of the 1st Latin American Workshop on Learning Analytics (LALA 2018), Guayaquil, Ecuador, July 9th, 2018.",Proceedings of the 1st Latin American Workshop on Learning Analytics,"Guayaquil, Ecuador, July 9th, 2018",http://www.wikidata.org/entity/Q113583410,1st Latin American Workshop on Learning Analytics,http://ceur-ws.org/Vol-2231/,LALA 2018,Ecuador,Guayaquil,2018/7/9 2:00,2018/7/9 2:00,nan,,,,,LALA,,LALA,,LALA,,,LALA
2335,2330,http://ceur-ws.org/Vol-2255/,2255,Informatics & Data-Driven Medicine 2018,IDDM 2018,nan,Proceedings of the 1st International Workshop on Informatics & Data-Driven Medicine (IDDM 2018),Informatics & Data-Driven Medicine,IDDM 2018 Informatics & Data-Driven Medicine,"Proceedings of the 1st International Workshop on Informatics & Data-Driven Medicine (IDDM 2018), Lviv, Ukraine, November 28-30, 2018.",Proceedings of the 1st International Workshop on Informatics & Data-Driven Medicine (IDDM 2018),"Lviv, Ukraine, November 28-30, 2018",http://www.wikidata.org/entity/Q113583438,1st International Workshop on Informatics & Data-Driven Medicine (IDDM 2018),http://ceur-ws.org/Vol-2255/,IDDM 2018,Ukraine,Lviv,2018/11/28 1:00,2018/11/30 1:00,"Proceedings of the 1st International Workshop on Informatics &amp; Data-Driven Medicine (IDDM 2018), Lviv, Ukraine, November 28-30, 2018.",2255.0,2018.0,https://dblp.org/db/conf/iddm/iddm2018.html,IDDM,IDDM,,IDDM,,IDDM,IDDM,IDDM,IDDM
2431,2426,http://ceur-ws.org/Vol-2350/,2350,AAAI 2019 Spring Symposium on Combining Machine Learning with Knowledge Engineering,AAAI-MAKE 2019,nan,"Proceedings of the AAAI 2019 Spring Symposium on Combining Machine Learning with Knowledge Engineering (AAAI-MAKE 2019) Stanford University, Palo Alto, California, USA, March 25-27, 2019",AAAI 2019 Spring Symposium on Combining Machine Learning with Knowledge Engineering,AAAI-MAKE 2019 AAAI 2019 Spring Symposium on Combining Machine Learning with Knowledge Engineering,"Proceedings of the AAAI 2019 Spring Symposium on Combining Machine Learning with Knowledge Engineering (AAAI-MAKE 2019), Stanford University, Palo Alto, California, USA, March 25-27, 2019.",Proceedings of the AAAI 2019 Spring Symposium on Combining Machine Learning with Knowledge Engineering (AAAI-MAKE 2019),"Stanford University, Palo Alto, California, USA, March 25-27, 2019",http://www.wikidata.org/entity/Q113583285,AAAI 2019 Spring Symposium on Combining Machine Learning with Knowledge Engineering (AAAI-MAKE 2019),http://ceur-ws.org/Vol-2350/,AAAI-MAKE 2019,United States of America,Palo Alto,2019/3/25 1:00,2019/3/27 1:00,"Proceedings of the AAAI 2019 Spring Symposium on Combining Machine Learning with Knowledge Engineering (AAAI-MAKE 2019) Stanford University, Palo Alto, California, USA, March 25-27, 2019., Stanford University, Palo Alto, California, USA, March 25-27, 2019.",2350.0,2019.0,https://dblp.org/db/conf/aaaiss/make2019.html,AAAI,AAAI,AAAI,AAAI,AAAI,AAAI,AAAI,AAAI,AAAI
2432,2427,http://ceur-ws.org/Vol-2351/,2351,nan,JERI 2019,nan,3rd edition of the National Study Day on Research on Computer Sciences (JERI 2019),The National Study Day on Research on Computer Sciences,JERI 2019 The National Study Day on Research on Computer Sciences,"Proceedings of the AAAI 2019 Spring Symposium on Combining Machine Learning with Knowledge Engineering (AAAI-MAKE 2019), Stanford University, Palo Alto, California, USA, March 25-27, 2019.",3rd edition of the National Study Day on Research on Computer Sciences (JERI 2019),"Saida, Algeria, April 27, 2019",http://www.wikidata.org/entity/Q113583286,3rd edition of the National Study Day on Research on Computer Sciences (JERI 2019),http://ceur-ws.org/Vol-2351/,JERI 2019,Algeria,Saida,2019/4/27 2:00,2019/4/27 2:00,"3rd edition of the National Study Day on Research on Computer Sciences (JERI 2019), Saida, Algeria, April 27, 2019.",2351.0,2019.0,https://dblp.org/db/conf/jeri/jeri2019.html,,AAAI,,,,,,,
2470,2465,http://ceur-ws.org/Vol-2389/,2389,Workshops and Work-InProgress Contributions at S-BPM ONE 2019,LDAC 2019,nan,Proceedings of the 7th Linked Data in Architecture and Construction Workshop,Linked Data in Architecture and Construction,LDAC 2019 Linked Data in Architecture and Construction,"Proceedings of the 7th Linked Data in Architecture and Construction Workshop (LDAC 2019), Lisbon, Portugal, June 19-21, 2019.",Proceedings of the 7th Linked Data in Architecture and Construction Workshop,"Lisbon, Portugal, June 19-21, 2019",http://www.wikidata.org/entity/Q113583322,7th Linked Data in Architecture and Construction Workshop,http://ceur-ws.org/Vol-2389/,LDAC 2019,Portugal,Lisbon,2019/6/19 2:00,2019/6/21 2:00,"Proceedings of the 7th Linked Data in Architecture and Construction Workshop, Lisbon, Portugal, June 19-21, 2019.",2389.0,2019.0,https://dblp.org/db/conf/ldac/ldac2019.html,,,"BPM, BPM",,,,,,
2511,2506,http://ceur-ws.org/Vol-2430/,2430,"Information, Computation, and Control Systems for Distributed Environments 2019",ICCS-DE 2019,nan,"Proceedings of the 1st International Workshop on Information, Computation, and Control Systems for Distributed Environments","Information, Computation, and Control Systems for Distributed Environments","ICCS-DE 2019 International Workshop on Information, Computation, and Control Systems for Distributed Environments","Proceedings of the 1st International Workshop on Information, Computation, and Control Systems for Distributed Environments (ICCS-DE 2019),Irkutsk, Russia, July 8-9, 2019.","Proceedings of the 1st International Workshop on Information, Computation, and Control Systems for Distributed Environments","Irkutsk, Russia, July 8-9, 2019",,nan,,nan,,,,,"Proceedings of the 1st International Workshop on Information, Computation, and Control Systems for Distributed Environments, ICCS-DE 2019, Irkutsk, Russia, July 8-9, 2019.",2430.0,2019.0,https://dblp.org/db/conf/iccs-de/iccs-de2019.html,,ICCS,,ICCS,,ICCS,,,
2571,2566,http://ceur-ws.org/Vol-2488/,2488,Informatics & Data-Driven Medicine 2019,IDDM 2019,nan,Proceedings of the 2nd International Workshop on Informatics & Data-Driven Medicine (IDDM 2019),Informatics & Data-Driven Medicine,IDDM 2019 Informatics & Data-Driven Medicine,"Proceedings of the 2nd International Workshop on Informatics & Data-Driven Medicine (IDDM 2019),Lviv, Ukraine, November 11-13, 2019.",Proceedings of the 2nd International Workshop on Informatics & Data-Driven Medicine (IDDM 2019),"Lviv, Ukraine, November 11-13, 2019",http://www.wikidata.org/entity/Q113583099,2nd International Workshop on Informatics & Data-Driven Medicine (IDDM 2019),http://ceur-ws.org/Vol-2488/,IDDM 2019,Ukraine,Lviv,2019/11/11 1:00,2019/11/13 1:00,"Proceedings of the 2nd International Workshop on Informatics &amp; Data-Driven Medicine (IDDM 2019), Lviv, Ukraine, November 11-13, 2019.",2488.0,2019.0,https://dblp.org/db/conf/iddm/iddm2019.html,IDDM,IDDM,,IDDM,,IDDM,IDDM,IDDM,IDDM
2672,2667,http://ceur-ws.org/Vol-2587/,2587,Combining Artificial Intelligence and Machine Learning with Physical Sciences 2020,AAAI-MLPS 2020,nan,Proceedings of the AAAI 2020 Spring Symposium on Combining Artificial Intelligence and Machine Learning with Physical Sciences,Combining Artificial Intelligence and Machine Learning with Physical Sciences,AAAI-MLPS 2020Combining Artificial Intelligence and Machine Learning with Physical Sciences,"Proceedings of the AAAI 2020 Spring Symposium on Combining Artificial Intelligence and Machine Learning with Physical Sciences (AAAI-MLPS 2020),Stanford, CA, USA, March 23rd to 25th, 2020.",Proceedings of the AAAI 2020 Spring Symposium on Combining Artificial Intelligence and Machine Learning with Physical Sciences,"Stanford, CA, USA, March 23rd to 25th, 2020",http://www.wikidata.org/entity/Q113582969,AAAI 2020 Spring Symposium on Combining Artificial Intelligence and Machine Learning with Physical Sciences,http://ceur-ws.org/Vol-2587/,AAAI-MLPS 2020,United States of America,Stanford,2020/3/23 1:00,2020/3/25 1:00,"Proceedings of the AAAI 2020 Spring Symposium on Combining Artificial Intelligence and Machine Learning with Physical Sciences, Stanford, CA, USA, March 23rd - to - 25th, 2020.",2587.0,2020.0,https://dblp.org/db/conf/aaaiss/mlps2020.html,AAAI,AAAI,,AAAI,,AAAI,AAAI,AAAI,AAAI
2685,2680,http://ceur-ws.org/Vol-2600/,2600,Combining Machine Learning and Knowledge Engineering in Practice - Volume I: Spring Symposium,AAAI-MAKE 2020,nan,Proceedings of the AAAI 2020 Spring Symposium on Combining Machine Learning and Knowledge Engineering in Practice (AAAI-MAKE 2020) - Volume I,Combining Machine Learning and Knowledge Engineering in Practice - Volume I: Spring Symposium,AAAI-MAKE 2020 Combining Machine Learning and Knowledge Engineering in Practice - Volume I: Spring Symposium,"Proceedings of the AAAI 2020 Spring Symposium on Combining Machine Learning and Knowledge Engineering in Practice (AAAI-MAKE 2020) - Volume I,Stanford University, Palo Alto, California, USA, March 23-25, 2020.",Proceedings of the AAAI 2020 Spring Symposium on Combining Machine Learning and Knowledge Engineering in Practice (AAAI-MAKE 2020) - Volume I,"Stanford University, Palo Alto, California, USA, March 23-25, 2020",http://www.wikidata.org/entity/Q113582533,AAAI 2020 Spring Symposium on Combining Machine Learning and Knowledge Engineering in Practice,http://ceur-ws.org/Vol-2600/,AAAI-MAKE 2020,United States of America,Palo Alto,2020/3/23 1:00,2020/3/25 1:00,"Proceedings of the AAAI 2020 Spring Symposium on Combining Machine Learning and Knowledge Engineering in Practice, AAAI-MAKE 2020, Palo Alto, CA, USA, March 23-25, 2020, Volume I.",2600.0,2020.0,https://dblp.org/db/conf/aaaiss/make2020-1.html,AAAI,AAAI,,AAAI,,AAAI,AAAI,AAAI,AAAI
2712,2707,http://ceur-ws.org/Vol-2627/,2627,Innovations in Information and Communication Science and Technology 2020,IICST 2020,nan,Proceedings of the 5th International Workshop on Innovations in Information and Communication Science and Technology,Innovations in Information and Communication Science and Technology,IICST 2020 Innovations in Information and Communication Science and Technology,"Proceedings of the 5th International Workshop on Innovations in Information and Communication Science and Technology (IICST 2020),Malang, Indonesia, March 9, 2020.",Proceedings of the 5th International Workshop on Innovations in Information and Communication Science and Technology,"Malang, Indonesia, March 9, 2020 (canceled by authorities due to SARS-CoV-2)",http://www.wikidata.org/entity/Q113582585,5th International Workshop on Innovations in Information and Communication Science and Technology,http://ceur-ws.org/Vol-2627/,IICST 2020,Indonesia,Malang,2020/3/9 1:00,2020/3/9 1:00,"Proceedings of the 5th International Workshop on Innovations in Information and Communication Science and Technology, Malang, Indonesia, March 9, 2020 (canceled by authorities due to SARS-CoV-2).",2627.0,2020.0,https://dblp.org/db/conf/iicst/iicst2020.html,,ICST,,ICST,,ICST,,,ICST
2723,2718,http://ceur-ws.org/Vol-2638/,2638,"Information, Computation, and Control Systems for Distributed Environments 2020",ICCS-DE 2020,nan,"Proceedings of the 2nd International Workshop on Information, Computation, and Control Systems for Distributed Environments","International Workshop on Information, Computation, and Control Systems for Distributed Environments","ICCS-DE 2020 International Workshop on Information, Computation, and Control Systems for Distributed Environments","Proceedings of the 2nd International Workshop on Information, Computation, and Control Systems for Distributed EnvironmentsIrkutsk, Russia, July 6-7, 2020.","Proceedings of the 2nd International Workshop on Information, Computation, and Control Systems for Distributed Environments","Irkutsk, Russia, July 6-7, 2020",,nan,,nan,,,,,"Proceedings of the 2nd International Workshop on Information, Computation, and Control Systems for Distributed Environments, ICCS-DE 2020, Irkutsk, Russia, July 6-7, 2020.",2638.0,2020.0,https://dblp.org/db/conf/iccs-de/iccs-de2020.html,,,,ICCS,,ICCS,,,
2783,2778,http://ceur-ws.org/Vol-2698/,2698,Information Society and University Studies 2020,IVUS 2020,nan,Proceedings of the Information Society and University Studies 2020,Information Society and University Studies 2020,IVUS 2020 Information Society and University Studies 2020,"Proceedings of Information Society and University Studies (IVUS 2020) Kaunas, Lithuania, April 23, 2020.",Proceedings of the Information Society and University Studies 2020,"Kaunas, Lithuania, April 23, 2020",http://www.wikidata.org/entity/Q113582662,Information Society and University Studies 2020,http://ceur-ws.org/Vol-2698/,IVUS 2020,Lithuania,Kaunas,2020/4/23 2:00,2020/4/23 2:00,"Proceedings of the Information Society and University Studies 2020, Kaunas, Lithuania, April 23, 2020.",2698.0,2020.0,https://dblp.org/db/conf/ivus/ivus2020.html,,IVUS,,IVUS,,IVUS,,,IVUS
2810,2805,http://ceur-ws.org/Vol-2723/,2723,Computational Humanities Research 2020,CHR 2020,nan,Proceedings of the Workshop on Computational Humanities Research (CHR 2020),Computational Humanities Research 2020,CHR 2020 Computational Humanities Research 2020,"Proceedings of the Workshop on Computational Humanities Research (CHR 2020),Amsterdam, the Netherlands, November 18-20, 2020.",Proceedings of the Workshop on Computational Humanities Research (CHR 2020),"Amsterdam, the Netherlands, November 18-20, 2020",http://www.wikidata.org/entity/Q113582050,Workshop on Computational Humanities Research (CHR 2020),http://ceur-ws.org/Vol-2723/,CHR 2020,Netherlands,Amsterdam,2020/11/18 1:00,2020/11/20 1:00,"Proceedings of the Workshop on Computational Humanities Research (CHR 2020), Amsterdam, The Netherlands, November 18-20, 2020.",2723.0,2020.0,https://dblp.org/db/conf/chr/chr2020.html,CHR,CHR,,CHR,,CHR,CHR,CHR,CHR
2910,2905,http://ceur-ws.org/Vol-2823/,2823,"Advances in Computational Intelligence, its Concepts & Applications 2021",ACI 2021,nan,"Proceedings of the Workshop on Advances in Computational Intelligence, its Concepts & Applications (ACI 2021) at ISIC 2021","Advances in Computational Intelligence, its Concepts & Applications 2021","ACI 2021 Advances in Computational Intelligence, its Concepts & Applications 2021","Proceedings of the Workshop on Advances in Computational Intelligence, its Concepts & Applications (ACI 2021) at ISIC 2021, New Delhi, India, February 25-27, 2021.","Proceedings of the Workshop on Advances in Computational Intelligence, its Concepts & Applications (ACI 2021) at ISIC 2021","New Delhi, India, February 25-27, 2021",http://www.wikidata.org/entity/Q113581814,"Workshop on Advances in Computational Intelligence, its Concepts & Applications (ACI 2021) at ISIC 2021",http://ceur-ws.org/Vol-2823/,ACI 2021,India,Delhi,2021/2/25 1:00,2021/2/27 1:00,nan,,,,ISIC,ISIC,,,,,ISIC,ISIC,
2933,2928,http://ceur-ws.org/Vol-2846/,2846,Combining Machine Learning and Knowledge Engineering 2021,AAAI-MAKE 2021,nan,Proceedings of the AAAI 2021 Spring Symposium on Combining Machine Learning and Knowledge Engineering (AAAI-MAKE 2021),Combining Machine Learning and Knowledge Engineering,AAAI-MAKE 2021 Combining Machine Learning and Knowledge Engineering,"Proceedings of the AAAI 2021 Spring Symposium on Combining Machine Learning and Knowledge Engineering (AAAI-MAKE 2021),Stanford University, Palo Alto, California, USA, March 22-24, 2021.",Proceedings of the AAAI 2021 Spring Symposium on Combining Machine Learning and Knowledge Engineering (AAAI-MAKE 2021),"Stanford University, Palo Alto, California, USA, March 22-24, 2021",http://www.wikidata.org/entity/Q113581842,AAAI 2021 Spring Symposium on Combining Machine Learning and Knowledge Engineering (AAAI-MAKE 2021),http://ceur-ws.org/Vol-2846/,AAAI-MAKE 2021,United States of America,Palo Alto,2021/3/22 1:00,2021/3/24 1:00,"Proceedings of the AAAI 2021 Spring Symposium on Combining Machine Learning and Knowledge Engineering (AAAI-MAKE 2021), Stanford University, Palo Alto, California, USA, March 22-24, 2021.",2846.0,2021.0,https://dblp.org/db/conf/aaaiss/make2021.html,AAAI,AAAI,,AAAI,,AAAI,AAAI,AAAI,AAAI
2971,2966,http://ceur-ws.org/Vol-2884/,2884,AAAI Fall Symposium on AI for Social Good 2020,AI4SG 2020,nan,Proceedings of the AAAI Fall Symposium on AI for Social Good,AAAI Fall Symposium on AI for Social Good,AI4SG 2020 AAAI Fall Symposium on AI for Social Good,"Proceedings of the AAAI Fall Symposium on AI for Social Good (AI4SG 2020),Virtual Symposium, November 13-14, 2020.",Proceedings of the AAAI Fall Symposium on AI for Social Good,"Virtual Symposium, November 13-14, 2020",,nan,,nan,,,,,nan,,,,AAAI,AAAI,AAAI,,AAAI,AAAI,AAAI,,
3000,2995,http://ceur-ws.org/Vol-2913/,2913,"Information, Computation, and Control Systems for Distributed Environments",ICCS-DE 2021,nan,"Proceedings of the 3rd International Workshop on Information, Computation, and Control Systems for Distributed Environments","International Workshop on Information, Computation, and Control Systems for Distributed Environments","ICCS-DE 2021 International Workshop on Information, Computation, and Control Systems for Distributed Environments","Proceedings of the 3rd International Workshop on Information, Computation, and Control Systems for Distributed Environments (ICCS-DE 2021),Irkutsk, Russia, July 5-9, 2021.","Proceedings of the 3rd International Workshop on Information, Computation, and Control Systems for Distributed Environments","Irkutsk, Russia, July 5-9, 2021",http://www.wikidata.org/entity/Q113580133,"3rd International Workshop on Information, Computation, and Control Systems for Distributed Environments",http://ceur-ws.org/Vol-2913/,ICCS-DE 2021,Russia,Irkutsk,2021/7/5 2:00,2021/7/9 2:00,"Proceedings of the 3rd International Workshop on Information, Computation, and Control Systems for Distributed Environments, ICCS-DE 2021, Irkutsk, Russia, July 5-9, 2021.",2913.0,2021.0,https://dblp.org/db/conf/iccs-de/iccs-de2021.html,,ICCS,,ICCS,,ICCS,,,ICCS
3051,3046,http://ceur-ws.org/Vol-2964/,2964,Combining Artificial Intelligence and Machine Learning with Physical Sciences 2021,AAAI-MLPS 2021,nan,Proceedings of the AAAI 2021 Spring Symposium on Combining Artificial Intelligence and Machine Learning with Physical Sciences,Combining Artificial Intelligence and Machine Learning with Physical Sciences,AAAI-MLPS 2021Combining Artificial Intelligence and Machine Learning with Physical Sciences,"Proceedings of the AAAI 2021 Spring Symposium on Combining Artificial Intelligence and Machine Learning with Physical Sciences (AAAI-MLPS 2021),Stanford, CA, USA, March 22nd to 24th, 2021.",Proceedings of the AAAI 2021 Spring Symposium on Combining Artificial Intelligence and Machine Learning with Physical Sciences,"Stanford, CA, USA, March 22nd to 24th, 2021",http://www.wikidata.org/entity/Q113580192,AAAI 2021 Spring Symposium on Combining Artificial Intelligence and Machine Learning with Physical Sciences,http://ceur-ws.org/Vol-2964/,AAAI-MLPS 2021,United States of America,Stanford,2021/3/22 1:00,2021/3/24 1:00,"Proceedings of the AAAI 2021 Spring Symposium on Combining Artificial Intelligence and Machine Learning with Physical Sciences, Stanford, CA, USA, March 22nd - to - 24th, 2021.",2964.0,2021.0,https://dblp.org/db/conf/aaaiss/mlps2021.html,AAAI,AAAI,,AAAI,,AAAI,AAAI,AAAI,AAAI
3157,3152,http://ceur-ws.org/Vol-3068/,3068,"Human Partnership with Medical AI: Design, Operationalization, and Ethics 2021",AAAI-HUMAN 2021,nan,"Proceedings of the AAAI 2021 Fall Symposium on Human Partnership with Medical AI: Design, Operationalization, and Ethics (AAAI-HUMAN 2021)","Human Partnership with Medical AI: Design, Operationalization, and Ethics","AAAI-HUMAN 2021 Human Partnership with Medical AI: Design, Operationalization, and Ethics","Proceedings of the AAAI 2021 Fall Symposium on Human Partnership with Medical AI: Design, Operationalization, and Ethics (AAAI-HUMAN 2021),Virtual Event, November 4-6, 2021.","Proceedings of the AAAI 2021 Fall Symposium on Human Partnership with Medical AI: Design, Operationalization, and Ethics (AAAI-HUMAN 2021)","Virtual Event, November 4-6, 2021",,nan,,nan,,,,,"Proceedings of the AAAI 2021 Fall Symposium on Human Partnership with Medical AI: Design, Operationalization, and Ethics (AAAI-HUMAN 2021), Virtual Event, November 4-6, 2021.",3068.0,2022.0,https://dblp.org/db/conf/aaaifs/human2021.html,AAAI,AAAI,,AAAI,,AAAI,AAAI,,
3211,3205,http://ceur-ws.org/Vol-3121/,3121,Machine Learning and Knowledge Engineering for Hybrid Intelligence 2022,AAAI-MAKE 2022,nan,Proceedings of the AAAI 2022 Spring Symposium on Machine Learning and Knowledge Engineering for Hybrid Intelligence (AAAI-MAKE 2022),Machine Learning and Knowledge Engineering for Hybrid Intelligence 2022,AAAI-MAKE 2022 Machine Learning and Knowledge Engineering for Hybrid Intelligence 2022,"Proceedings of the AAAI 2022 Spring Symposium on Machine Learning and Knowledge Engineering for Hybrid Intelligence (AAAI-MAKE 2022),Stanford University, Palo Alto, California, USA, March 21-23, 2022.",Proceedings of the AAAI 2022 Spring Symposium on Machine Learning and Knowledge Engineering for Hybrid Intelligence (AAAI-MAKE 2022),"Stanford University, Palo Alto, California, USA, March 21-23, 2022",http://www.wikidata.org/entity/Q113576270,AAAI 2022 Spring Symposium on Machine Learning and Knowledge Engineering for Hybrid Intelligence (AAAI-MAKE 2022),http://ceur-ws.org/Vol-3121/,AAAI-MAKE 2022,United States of America,Palo Alto,2022/3/21 1:00,2022/3/23 1:00,"Proceedings of the AAAI 2022 Spring Symposium on Machine Learning and Knowledge Engineering for Hybrid Intelligence (AAAI-MAKE 2022), Stanford University, Palo Alto, California, USA, March 21-23, 2022.",3121.0,2022.0,https://dblp.org/db/conf/aaaiss/make2022.html,AAAI,AAAI,,AAAI,,AAAI,AAAI,AAAI,AAAI
3421,3414,http://ceur-ws.org/Vol-3332/,3332,"Thinking Fast and Slow and Other Cognitive Theories in AI, AAAI 2022 Fall Symposium",TFSOCTAI 2022,nan,"Proceedings of the Thinking Fast and Slow and Other Cognitive Theories in AI a AAAI 2022 Fall Symposium Westin Arlington Gateway in Arlington, Virginia, November 17-19, 2022","Thinking Fast and Slow and Other Cognitive Theories in AI, AAAI 2022 Fall Symposium","TFSOCTAI 2022 Thinking Fast and Slow and Other Cognitive Theories in AI, AAAI 2022 Fall Symposium","Proceedings of the Thinking Fast and Slow and Other Cognitive Theories in AI a AAAI 2022 Fall Symposium (TFSOCTAI 2022),Westin Arlington Gateway in Arlington, Virginia, November 17-19, 2022.",Proceedings of the Thinking Fast and Slow and Other Cognitive Theories in AI a AAAI 2022 Fall Symposium,"Westin Arlington Gateway in Arlington, Virginia, November 17-19, 2022",,nan,,nan,,,,,nan,,,,AAAI,AAAI,AAAI,,AAAI,AAAI,AAAI,,
